step,action,trade_frac,price,equity
1,sell,-0.1592211842536926,5216000.0,1000000.0
2,sell,-0.14378175437450408,5197000.0,1000000.0
3,sell,-0.08903267383575439,5297000.0,1000000.0
4,sell,-0.11795735657215117,5379000.0,1000000.0
5,sell,-0.14250399470329284,5391000.0,1000000.0
6,sell,-0.13946419358253478,5423000.0,1000000.0
7,sell,-0.053384524583816526,5586000.0,1000000.0
8,sell,-0.12275571227073669,5539000.0,1000000.0
9,sell,-0.1640998363494873,5565000.0,1000000.0
10,sell,-0.1558058202266693,5619000.0,1000000.0
11,sell,-0.11624649167060852,5529000.0,1000000.0
12,sell,-0.16001880168914795,5544000.0,1000000.0
13,sell,-0.18157103061676025,5622000.0,1000000.0
14,sell,-0.15324116349220276,5557000.0,1000000.0
15,sell,-0.1779081344604492,5583000.0,1000000.0
16,sell,-0.22685192227363585,5560000.0,1000000.0
17,sell,-0.25845910906791686,5583000.0,1000000.0
18,sell,-0.24157608747482298,5567000.0,1000000.0
19,sell,-0.24807341694831847,5577000.0,1000000.0
20,sell,-0.24626575112342833,5602000.0,1000000.0
21,sell,-0.24876088500022886,5574000.0,1000000.0
22,sell,-0.2467623710632324,5586000.0,1000000.0
23,sell,-0.23674158453941344,5552000.0,1000000.0
24,sell,-0.24170622825622556,5568000.0,1000000.0
25,sell,-0.23550939559936523,5572000.0,1000000.0
26,sell,-0.22330209016799926,5545000.0,1000000.0
27,sell,-0.23269863724708556,5558000.0,1000000.0
28,sell,-0.23805760145187377,5582000.0,1000000.0
29,sell,-0.22997771501541137,5599000.0,1000000.0
30,sell,-0.21850796341896056,5651000.0,1000000.0
31,sell,-0.19282813668251036,5673000.0,1000000.0
32,sell,-0.18108013272285461,5732000.0,1000000.0
33,sell,-0.14033884406089783,5676000.0,1000000.0
34,sell,-0.1706553518772125,5707000.0,1000000.0
35,sell,-0.13930723071098328,5849000.0,1000000.0
36,sell,-0.10785474479198455,5774000.0,1000000.0
37,sell,-0.15176523327827454,5859000.0,1000000.0
38,sell,-0.14613435566425323,5800000.0,1000000.0
39,sell,-0.17946547865867615,5798000.0,1000000.0
40,sell,-0.09649216532707214,5739000.0,1000000.0
41,sell,-0.15412452220916747,5750000.0,1000000.0
42,sell,-0.1385065197944641,5701000.0,1000000.0
43,sell,-0.16745123863220215,5633000.0,1000000.0
44,sell,-0.17880706787109374,5651000.0,1000000.0
45,sell,-0.20046084523200988,5702000.0,1000000.0
46,sell,-0.21361624002456664,5720000.0,1000000.0
47,sell,-0.194390469789505,5626000.0,1000000.0
48,sell,-0.08440410196781158,5351000.0,1000000.0
49,sell,-0.19833839535713196,5523000.0,1000000.0
50,sell,-0.22766883373260496,5514000.0,1000000.0
51,sell,-0.22350507974624634,5521000.0,1000000.0
52,sell,-0.1705254077911377,5407000.0,1000000.0
53,sell,-0.08440155386924743,5221000.0,1000000.0
54,sell,-0.11772943139076232,5171000.0,1000000.0
55,sell,-0.0992022693157196,5131000.0,1000000.0
56,sell,-0.03890611231327057,5072000.0,1000000.0
57,buy,0.13250987827777863,4736000.0,1010181.7
58,buy,0.3,5103000.0,1019570.4
59,buy,0.20254029035568236,5231000.0,1022401.75
60,buy,0.2006727933883667,5256000.0,1017591.1
61,buy,0.21495870351791382,5221000.0,1028386.6
62,buy,0.25697139501571653,5296000.0,1011354.44
63,buy,0.2812425971031189,5185000.0,1002448.9
64,buy,0.2924909770488739,5131000.0,997903.9
65,buy,0.3,5109000.0,992990.0
66,buy,0.3,5079000.0,993330.2
67,buy,0.3,5080000.0,986553.2
68,buy,0.3,5045000.0,995284.6
69,buy,0.3,5091000.0,981469.1
70,buy,0.3,5018000.0,970275.44
71,buy,0.3,4960000.0,975889.0
72,buy,0.3,4989000.0,992400.0
73,buy,0.3,5073000.0,979355.44
74,buy,0.3,5003000.0,985788.44
75,buy,0.3,5044000.0,975053.94
76,buy,0.3,4985000.0,987355.9
77,buy,0.3,5050000.0,1008064.6
78,buy,0.3,5154000.0,998878.75
79,buy,0.3,5108000.0,999660.44
80,buy,0.3,5110000.0,1004352.6
81,buy,0.3,5136000.0,1021950.94
82,buy,0.3,5225000.0,1010217.6
83,buy,0.3,5165000.0,1016084.5
84,buy,0.3,5193000.0,1009826.2
85,buy,0.3,5163000.0,1018627.1
86,buy,0.3,5208000.0,1018040.4
87,buy,0.3,5205000.0,1017844.75
88,buy,0.3,5205000.0,1018627.1
89,buy,0.3,5206000.0,1018431.5
90,buy,0.3,5210000.0,1011977.06
91,buy,0.3,5175000.0,999263.94
92,buy,0.3,5105000.0,993983.1
93,buy,0.3,5083000.0,984399.2
94,buy,0.3,5033000.0,984399.2
95,buy,0.3,5031000.0,980487.5
96,buy,0.3,5016000.0,995547.75
97,buy,0.3,5090000.0,980291.9
98,buy,0.3,5012000.0,1002002.2
99,buy,0.3,5123000.0,980683.06
100,buy,0.3,5020000.0,987724.25
101,buy,0.3,5050000.0,981660.94
102,buy,0.3,5019000.0,982443.3
103,buy,0.3,5023000.0,979900.7
104,buy,0.3,5010000.0,985181.56
105,buy,0.3,5037000.0,986941.9
106,buy,0.3,5046000.0,994178.7
107,buy,0.3,5082000.0,994178.6
108,buy,0.2954284787178039,5083000.0,988506.56
109,buy,0.28857226967811583,5054000.0,995547.75
110,buy,0.27751169800758363,5091000.0,991049.25
111,buy,0.2653290510177612,5067000.0,984203.6
112,buy,0.2656280279159546,5032000.0,983030.1
113,buy,0.253294837474823,5026000.0,978727.2
114,buy,0.2532936751842499,5005000.0,987919.8
115,buy,0.22872319221496581,5051000.0,991244.9
116,buy,0.2215198516845703,5068000.0,992809.56
117,buy,0.20857231020927428,5076000.0,968752.1
118,buy,0.26578956842422485,4953000.0,983812.5
119,buy,0.21588390469551086,5030000.0,976771.25
120,buy,0.2065134823322296,4995000.0,965035.94
121,buy,0.21683916449546814,4934000.0,970903.6
122,buy,0.20938634276390075,4969000.0,985963.94
123,buy,0.2132270336151123,5042000.0,990853.7
124,buy,0.1926678478717804,5063000.0,987724.25
125,buy,0.18684144616127013,5047000.0,973641.9
126,buy,0.1967402458190918,4981000.0,979509.5
127,buy,0.17960493564605712,5008000.0,978727.2
128,buy,0.16768972277641295,5003000.0,978336.0
129,buy,0.15955896377563475,5005000.0,980878.6
130,buy,0.15388133525848388,5015000.0,977553.6
131,buy,0.15401301383972169,5000000.0,982052.2
132,buy,0.14352056980133057,5021000.0,989680.1
133,buy,0.14213862419128417,5060000.0,993005.1
134,buy,0.1396813452243805,5077000.0,1007478.75
135,buy,0.12614243924617766,5151000.0,1004936.06
136,buy,0.12989294528961182,5137000.0,1003958.1
137,buy,0.11667335629463195,5133000.0,1003762.56
138,buy,0.1056563526391983,5132000.0,1002980.2
139,buy,0.07750784754753112,5127000.0,996916.94
140,buy,0.08059317469596862,5097000.0,1007087.56
141,buy,0.029985666275024414,5148000.0,1031145.0
142,buy,0.0460433229804039,5271000.0,1042293.56
143,buy,0.013398352637887,5329000.0,1038968.56
144,buy,0.02229253649711609,5313000.0,1037795.0
146,sell,-0.021221132576465605,5315000.0,1042596.25
147,sell,-0.04144596308469772,5332000.0,1043479.4
148,sell,-0.04791569709777832,5336000.0,1048149.75
149,sell,-0.0776195615530014,5363000.0,1051138.9
150,sell,-0.08601072728633881,5382000.0,1047971.1
151,sell,-0.060243111848831174,5360000.0,1046530.56
152,sell,-0.08890516161918639,5351000.0,1042933.6
153,sell,-0.07551794350147246,5323000.0,1045447.9
154,sell,-0.10990546345710754,5345000.0,1045794.4
155,sell,-0.0961698442697525,5355000.0,1045894.6
156,sell,-0.09006330370903015,5350000.0,1049860.8
157,sell,-0.11423760652542114,5397000.0,1049127.8
158,sell,-0.09291596710681915,5388000.0,1048678.5
159,sell,-0.10197396576404572,5377000.0,1052916.5
160,sell,-0.049039985239505764,5453000.0,1050033.6
161,sell,-0.02656312733888626,5403000.0,1050595.2
162,sell,-0.06427584886550904,5413000.0,1049882.0
164,sell,-0.03866320252418518,5370000.0,1046578.5
165,sell,-0.09693231582641601,5337000.0,1038031.4
166,sell,-0.042111021280288694,5153000.0,1033630.0
167,sell,-0.15440914034843445,5054000.0,1033782.9
168,sell,-0.16645633578300476,5060000.0,1032569.5
169,sell,-0.15504130125045776,5023000.0,1032449.2
170,sell,-0.14491426348686218,5017000.0,1032068.56
171,sell,-0.12771078944206238,5001000.0,1032369.44
172,sell,-0.11241548359394073,5017000.0,1030889.2
173,sell,-0.05663664489984512,4933000.0,1031742.25
174,sell,-0.06249936372041702,4986000.0,1031335.94
175,sell,-0.05284763127565384,4959000.0,1030980.3
176,sell,-0.041951215267181395,4932000.0,1031185.94
177,sell,-0.04762456566095352,4950000.0,1031717.3
178,sell,-0.013259961828589439,4990000.0,1029935.8
179,buy,0.04963338822126388,4850000.0,1030144.9
180,buy,0.03179532140493393,4865000.0,1032114.7
181,buy,0.07736247181892394,4933000.0,1033249.5
182,buy,0.09132543504238129,4961000.0,1033929.5
183,buy,0.08953326344490051,4975000.0,1028704.5
184,buy,0.07935250997543335,4904000.0,1032832.5
185,buy,0.09618179798126221,4952000.0,1029191.9
186,buy,0.09220350980758667,4914000.0,1026417.2
187,buy,0.10377717018127441,4892000.0,1025055.6
188,buy,0.11818031966686249,4880000.0,1029936.0
189,buy,0.14472416639328003,4918000.0,1030004.5
190,buy,0.13900138735771178,4918000.0,1029212.5
191,buy,0.13988417387008667,4913000.0,1029485.4
192,buy,0.14676135778427124,4915000.0,1030437.25
193,buy,0.14912220239639282,4921000.0,1027316.9
194,buy,0.15209391117095947,4903000.0,1025338.06
195,buy,0.16009175777435303,4893000.0,1032971.6
196,buy,0.17454639673233033,4934000.0,1029579.6
197,buy,0.16681419610977172,4915000.0,1028228.94
198,buy,0.17402451038360595,4910000.0,1023163.1
199,buy,0.1689332127571106,4886000.0,1010356.5
200,buy,0.1811877965927124,4818000.0,977301.06
201,buy,0.2554562509059906,4651000.0,975272.06
202,buy,0.2475479543209076,4641000.0,966496.56
203,buy,0.269038724899292,4600000.0,990746.4
204,buy,0.3,4719000.0,995496.6
205,buy,0.3,4741000.0,995491.3
206,buy,0.3,4740000.0,1007164.1
207,buy,0.3,4795000.0,1002774.5
208,buy,0.3,4773000.0,1002564.3
209,buy,0.3,4775000.0,1006124.3
210,buy,0.3,4793000.0,1011154.7
211,buy,0.3,4815000.0,1007378.7
212,buy,0.2981023907661438,4797000.0,998565.6
213,buy,0.3,4753000.0,1031306.56
214,buy,0.3,4911000.0,1060064.6
215,buy,0.3,5049000.0,1061954.0
216,buy,0.26976404786109925,5056000.0,1039278.8
217,buy,0.3,4947000.0,1046627.6
218,buy,0.23950046896934507,4984000.0,1037808.6
219,buy,0.24916403889656066,4942000.0,1032139.2
220,buy,0.22470722794532774,4915000.0,1028989.3
221,buy,0.2129631221294403,4900000.0,1020169.9
222,buy,0.22085967063903808,4858000.0,1040118.9
223,buy,0.19161268472671508,4953000.0,1043058.75
224,buy,0.1726372718811035,4968000.0,1056918.2
225,buy,0.1604426622390747,5033000.0,1061958.1
226,buy,0.14533170461654663,5055000.0,1059858.0
227,buy,0.13115029335021972,5047000.0,1067837.9
228,buy,0.11450844705104828,5084000.0,1050618.2
229,buy,0.200177139043808,5003000.0,1031088.8
230,buy,0.21686668395996092,4911000.0,1038438.6
231,buy,0.12671665549278258,4946000.0,1037178.6
232,buy,0.1427229791879654,4939000.0,1030878.75
233,buy,0.1641575217247009,4906000.0,1035078.75
234,buy,0.1381870687007904,4930000.0,1043688.56
235,buy,0.14195339083671568,4970000.0,1035288.6
236,buy,0.1832847476005554,4930000.0,1009459.06
237,buy,0.26958872079849244,4810000.0,1066788.2
238,buy,0.24835968017578125,5080000.0,1068678.4
239,buy,0.19429478645324708,5088000.0,1027308.75
240,buy,0.3,4890000.0,1038648.6
241,buy,0.21721619367599487,4946000.0,1061748.4
242,buy,0.218928587436676,5053000.0,1056288.4
243,buy,0.2634127914905548,5030000.0,1046838.5
244,buy,0.2721658587455749,4983000.0,1050618.5
245,buy,0.23505966067314146,5007000.0,1033818.6
246,buy,0.3,4923000.0,1030878.7
247,buy,0.2531420588493347,4908000.0,1028358.7
248,buy,0.2580841898918152,4897000.0,1039068.56
249,buy,0.2283282458782196,4949000.0,1034868.6
250,buy,0.25912531614303586,4926000.0,1035918.6
251,buy,0.24500555992126463,4930000.0,1037178.6
252,buy,0.2452045977115631,4939000.0,1038438.6
253,buy,0.24682631492614746,4945000.0,1028148.75
254,buy,0.28035534024238584,4895000.0,1037598.6
255,buy,0.23643602728843688,4942000.0,1027728.75
256,buy,0.25221306681632993,4893000.0,1019538.8
257,buy,0.2325386881828308,4855000.0,1017648.9
258,buy,0.2173714756965637,4847000.0,1013238.9
259,buy,0.2240552544593811,4825000.0,1014078.9
260,buy,0.22067336440086363,4830000.0,1010718.94
261,buy,0.22582504749298093,4811000.0,1021218.8
262,buy,0.22220610380172728,4865000.0,1010088.94
263,buy,0.25389930009841916,4810000.0,1044948.56
264,buy,0.258014577627182,4979000.0,1040118.6
265,buy,0.24209790229797362,4953000.0,1056498.4
266,buy,0.22525101900100708,5030000.0,1063428.4
267,buy,0.2071017622947693,5064000.0,1057548.4
268,buy,0.21951230764389038,5035000.0,1053348.5
269,buy,0.2068234384059906,5016000.0,1043268.56
270,buy,0.2112693428993225,4969000.0,1046628.5
271,buy,0.16434196829795836,4984000.0,1040118.6
272,buy,0.18150368928909302,4953000.0,1044738.56
273,buy,0.14263901710510254,4972000.0,1048938.5
274,buy,0.1353385716676712,4997000.0,1048938.5
275,buy,0.1331888973712921,4996000.0,1046838.5
276,buy,0.12995125651359557,4985000.0,1049778.5
277,buy,0.10163877010345458,4999000.0,1049988.5
278,buy,0.0989266186952591,4999000.0,1044108.56
279,buy,0.11287661790847778,4972000.0,1045788.56
280,buy,0.02284703850746155,4980000.0,1049778.5
281,buy,0.012540993466973304,4999000.0,1033818.7
282,buy,0.04854682981967926,4924000.0,1019118.8
283,buy,0.03396615833044052,4853000.0,997699.06
284,buy,0.03750374615192413,4751000.0,989299.2
286,buy,0.011178641393780707,4796000.0,993919.1
287,buy,0.027074620127677917,4738000.0,1015338.9
288,buy,0.04383629411458969,4835000.0,1017438.9
289,buy,0.03853668719530105,4849000.0,1017648.9
290,buy,0.0402196928858757,4851000.0,1013028.9
291,buy,0.034925177693367004,4823000.0,1010298.94
292,buy,0.03722557872533798,4811000.0,1005679.0
293,buy,0.041702136397361755,4789000.0,995599.06
294,buy,0.056539490818977356,4742000.0,1006728.94
295,buy,0.056435488164424896,4794000.0,1009878.94
296,buy,0.06291866451501846,4810000.0,1005889.0
297,buy,0.060242338478565215,4790000.0,1000009.06
298,buy,0.06887115687131881,4760000.0,1003789.0
299,buy,0.0808346450328827,4784000.0,1002949.0
300,buy,0.09055906534194946,4776000.0,1020168.8
301,buy,0.1075007289648056,4858000.0,1016388.9
302,buy,0.09541681408882141,4839000.0,1026258.75
303,buy,0.09450777769088745,4887000.0,1032558.7
304,buy,0.07354221493005753,4918000.0,1037178.6
305,buy,0.061028985679149626,4939000.0,1028568.75
306,buy,0.03661538958549499,4898000.0,1031088.7
307,buy,0.01225898377597332,4910000.0,1034238.7
308,sell,-0.013486483320593833,4925000.0,1059913.2
310,sell,-0.020364560186862946,5170000.0,1070143.4
311,buy,0.012684512883424759,5098000.0,1058975.9
313,sell,-0.04703054577112198,5036000.0,1054226.8
314,sell,-0.048850822448730465,5018000.0,1050682.6
315,sell,-0.05640011876821518,5000000.0,1051683.1
316,sell,-0.08105710744857787,5005000.0,1046027.4
317,sell,-0.062128414213657376,4970000.0,1032059.25
318,sell,-0.013952163979411125,4878000.0,1023344.2
319,sell,-0.03288639932870865,4818000.0,1027602.5
320,sell,-0.06195101290941238,4848000.0,1022606.0
321,sell,-0.02439141422510147,4811000.0,1022851.6
322,sell,-0.029553669691085815,4811000.0,1003431.6
323,buy,0.08280464708805084,4662000.0,987427.4
324,buy,0.09894606471061707,4540000.0,927907.6
325,buy,0.3,4123000.0,947692.3
326,buy,0.3,4242000.0,918550.8
327,buy,0.3,4084000.0,955003.75
328,buy,0.3,4270000.0,966009.8
329,buy,0.3,4328000.0,1003156.9
330,buy,0.3,4502000.0,977461.5
331,buy,0.3,4381000.0,943427.7
332,buy,0.3,4223000.0,963541.0
333,buy,0.3,4316000.0,969036.56
334,buy,0.3,4341000.0,964391.25
335,buy,0.3,4320000.0,960398.2
336,buy,0.3,4302000.0,951510.25
337,buy,0.3,4261000.0,961520.7
338,buy,0.3,4306000.0,975105.25
339,buy,0.3,4370000.0,966858.06
340,buy,0.3,4333000.0,969979.1
341,buy,0.3,4347000.0,974662.8
342,buy,0.3,4366000.0,976670.6
343,buy,0.3,4370000.0,981133.56
344,buy,0.3,4395000.0,972206.5
345,buy,0.3,4356000.0,942298.2
346,buy,0.3,4221000.0,940735.6
347,buy,0.3,4213000.0,940735.6
348,buy,0.3,4214000.0,936940.8
349,buy,0.3,4195000.0,931360.0
350,buy,0.3,4172000.0,952120.7
351,buy,0.3,4265000.0,936047.75
352,buy,0.3,4189000.0,917519.06
353,buy,0.3,4113000.0,908143.06
354,buy,0.3,4068000.0,910152.2
355,buy,0.3,4077000.0,906803.6
356,buy,0.3,4066000.0,901669.1
357,buy,0.3,4038000.0,897874.06
358,buy,0.3,4023000.0,907026.94
359,buy,0.3,4061000.0,906580.44
360,buy,0.3,4063000.0,918858.56
361,buy,0.3,4115000.0,910598.75
362,buy,0.3,4079000.0,907250.1
363,buy,0.3,4064000.0,908366.3
364,buy,0.3,4068000.0,898320.5
365,buy,0.3,4024000.0,897874.0
366,buy,0.3,4022000.0,891400.0
367,buy,0.3,3993000.0,893185.94
368,buy,0.3,4001000.0,897874.0
369,buy,0.3,4022000.0,898543.75
370,buy,0.3,4025000.0,903678.25
371,buy,0.3,4045000.0,901892.3
372,buy,0.3,4040000.0,906133.9
373,buy,0.3,4058000.0,913947.3
374,buy,0.3,4094000.0,913500.8
375,buy,0.3,4091000.0,901669.06
376,buy,0.3,4039000.0,883586.56
377,buy,0.3,3958000.0,886265.5
378,buy,0.3,3970000.0,878675.3
379,buy,0.3,3937000.0,885149.25
380,buy,0.3,3966000.0,886935.2
381,buy,0.3,3973000.0,883363.4
382,buy,0.3,3959000.0,903008.5
383,buy,0.3,4045000.0,924886.1
384,buy,0.3,4142000.0,923769.94
385,buy,0.3,4138000.0,905910.6
386,buy,0.3,4058000.0,896757.8
387,buy,0.3,4016000.0,895864.8
388,buy,0.3,4011000.0,894078.9
389,buy,0.3,4005000.0,901222.6
390,buy,0.3,4037000.0,911491.7
391,buy,0.3,4085000.0,906133.9
392,buy,0.3,4058000.0,903231.75
393,buy,0.3,4045000.0,916849.44
394,buy,0.3,4110000.0,916179.75
395,buy,0.3,4104000.0,914170.56
396,buy,0.3,4095000.0,915510.0
397,buy,0.3,4100000.0,908366.3
398,buy,0.3,4069000.0,910821.94
399,buy,0.3,4080000.0,905464.2
400,buy,0.3,4057000.0,908366.3
401,buy,0.3,4067000.0,908366.3
402,buy,0.3,4071000.0,906803.6
403,buy,0.3,4064000.0,908143.06
404,buy,0.2949956774711609,4069000.0,911268.44
405,buy,0.2827754616737366,4084000.0,907696.56
406,buy,0.3,4066000.0,905240.94
407,buy,0.2923079252243042,4051000.0,899436.7
408,buy,0.296488881111145,4029000.0,899883.1
409,buy,0.24567859768867492,4031000.0,904124.75
410,buy,0.23217673301696776,4049000.0,926448.8
411,buy,0.2389072000980377,4149000.0,930913.6
412,buy,0.23342857360839842,4168000.0,917295.94
413,buy,0.3,4106000.0,922876.94
414,buy,0.21108884811401366,4134000.0,912607.9
415,buy,0.29226261377334595,4085000.0,900329.6
416,buy,0.29682973623275755,4032000.0,900329.6
417,buy,0.21519194841384887,4033000.0,900106.4
418,buy,0.21510574221611023,4032000.0,886265.5
419,buy,0.3,3970000.0,896981.0
420,buy,0.20075104236602784,4019000.0,901445.8
421,buy,0.20839160084724426,4040000.0,902115.56
422,buy,0.215406596660614,4042000.0,909482.5
423,buy,0.19579228162765502,4074000.0,900329.6
424,buy,0.2608712911605835,4034000.0,904794.44
425,buy,0.1682103395462036,4052000.0,905240.94
426,buy,0.14811937808990477,4055000.0,909482.5
427,buy,0.13385741114616392,4073000.0,905240.94
428,buy,0.1584276258945465,4054000.0,908366.3
429,buy,0.12609105706214904,4068000.0,899883.1
430,buy,0.17885250449180604,4029000.0,907696.56
431,buy,0.115398770570755,4065000.0,905910.6
432,buy,0.1293549120426178,4058000.0,904794.44
433,buy,0.1110385537147522,4050000.0,907026.9
434,buy,0.09784669876098633,4063000.0,917295.94
435,buy,0.09635505080223083,4109000.0,898990.2
436,buy,0.20863358974456786,4028000.0,877335.9
437,buy,0.2210168659687042,3930000.0,882693.6
438,buy,0.1234214723110199,3955000.0,881130.94
439,buy,0.14099545776844025,3947000.0,885149.25
440,buy,0.13201704025268554,3965000.0,898766.94
441,buy,0.1384050965309143,4027000.0,911938.1
442,buy,0.13899554908275605,4085000.0,909929.0
443,buy,0.14088848233222961,4076000.0,908366.3
444,buy,0.13276514410972595,4067000.0,905240.94
445,buy,0.1384647846221924,4055000.0,928011.5
446,buy,0.1354120373725891,4156000.0,917519.2
447,buy,0.18248772025108337,4109000.0,913947.3
448,buy,0.135682475566864,4089000.0,920421.3
449,buy,0.0995930939912796,4122000.0,923323.44
450,buy,0.10312732458114623,4135000.0,888051.4
451,buy,0.3,3977000.0,884926.0
452,buy,0.14678683876991272,3964000.0,877559.06
453,buy,0.15508103370666504,3931000.0,863718.2
454,buy,0.17684224247932434,3869000.0,858806.9
455,buy,0.16032983064651488,3848000.0,811256.6
456,buy,0.3,3633000.0,810810.1
457,buy,0.2446070909500122,3632000.0,765269.0
458,buy,0.3,3428000.0,786700.1
459,buy,0.3,3524000.0,780672.6
460,buy,0.3,3497000.0,798085.44
461,buy,0.3,3576000.0,813265.75
462,buy,0.3,3643000.0,806345.3
463,buy,0.3,3612000.0,805229.1
464,buy,0.3,3606000.0,798531.9
465,buy,0.3,3577000.0,788039.56
466,buy,0.3,3530000.0,749418.94
467,buy,0.3,3357000.0,760804.2
468,buy,0.3,3409000.0,759018.3
469,buy,0.3,3400000.0,768394.4
470,buy,0.3,3442000.0,769064.1
471,buy,0.3,3445000.0,757902.06
472,buy,0.3,3395000.0,750535.1
473,buy,0.3,3361000.0,755446.44
474,buy,0.3,3385000.0,709235.6
475,buy,0.3,3177000.0,700529.25
476,buy,0.3,3138000.0,705663.75
477,buy,0.3,3162000.0,734461.8
478,buy,0.3,3290000.0,736694.25
479,buy,0.3,3300000.0,736917.44
480,buy,0.3,3301000.0,750535.1
481,buy,0.3,3361000.0,736917.44
482,buy,0.3,3300000.0,723969.5
483,buy,0.3,3243000.0,722853.3
484,buy,0.3,3238000.0,738480.1
485,buy,0.3,3308000.0,737140.7
486,buy,0.3,3303000.0,739149.9
487,buy,0.3,3314000.0,739596.4
488,buy,0.3,3311000.0,745400.6
489,buy,0.3,3337000.0,742721.75
490,buy,0.3,3327000.0,825990.5
491,buy,0.3,3700000.0,848984.3
492,buy,0.3,3803000.0,815498.2
493,buy,0.3,3653000.0,796745.94
494,buy,0.3,3569000.0,790272.0
495,buy,0.3,3539000.0,771073.3
496,buy,0.3,3453000.0,715039.9
497,buy,0.3,3203000.0,723746.25
498,buy,0.3,3243000.0,699189.8
499,buy,0.3,3130000.0,700082.75
500,buy,0.3,3135000.0,710128.56
501,buy,0.3,3180000.0,700306.0
502,buy,0.3,3136000.0,728434.3
503,buy,0.3,3262000.0,724192.75
504,buy,0.3,3247000.0,723076.56
505,buy,0.3,3239000.0,739596.4
506,buy,0.3,3314000.0,742275.25
507,buy,0.3,3325000.0,730889.94
508,buy,0.3,3274000.0,738703.4
509,buy,0.3,3307000.0,745623.9
510,buy,0.3,3340000.0,759688.0
511,buy,0.3,3403000.0,758571.8
512,buy,0.3,3398000.0,761920.44
513,buy,0.3,3413000.0,748972.44
514,buy,0.3,3355000.0,731782.94
515,buy,0.3,3280000.0,731782.94
516,buy,0.3,3278000.0,715039.9
517,buy,0.3,3204000.0,728657.56
518,buy,0.3,3264000.0,729327.25
519,buy,0.3,3268000.0,735354.75
520,buy,0.3,3294000.0,723299.8
521,buy,0.3,3240000.0,713477.2
522,buy,0.3,3197000.0,710128.56
523,buy,0.3,3181000.0,711468.0
524,buy,0.3,3188000.0,711691.25
525,buy,0.3,3190000.0,725978.7
526,buy,0.3,3252000.0,740042.8
527,buy,0.3,3315000.0,733568.9
528,buy,0.3,3283000.0,727094.9
529,buy,0.3,3257000.0,725532.2
530,buy,0.3,3247000.0,713477.2
531,buy,0.3,3196000.0,699859.5
532,buy,0.3,3137000.0,683116.44
533,buy,0.3,3060000.0,676642.5
534,buy,0.3,3031000.0,686688.3
535,buy,0.3,3075000.0,688920.7
536,buy,0.3,3087000.0,705887.0
537,buy,0.3,3165000.0,673517.1
538,buy,0.3,3017000.0,625966.9
539,buy,0.3,2808000.0,623064.75
540,buy,0.3,2791000.0,616367.5
541,buy,0.3,2762000.0,633780.25
542,buy,0.3,2839000.0,636459.2
543,buy,0.3,2851000.0,634896.5
544,buy,0.3,2844000.0,646505.0
545,buy,0.3,2894000.0,637352.1
546,buy,0.3,2855000.0,619939.4
547,buy,0.3,2775000.0,634226.75
548,buy,0.3,2841000.0,635789.44
549,buy,0.3,2848000.0,621278.8
550,buy,0.3,2783000.0,623064.75
551,buy,0.3,2791000.0,630654.9
552,buy,0.3,2825000.0,623064.75
553,buy,0.3,2790000.0,619046.4
554,buy,0.3,2774000.0,626636.56
555,buy,0.3,2807000.0,621055.56
556,buy,0.3,2782000.0,613911.9
557,buy,0.3,2750000.0,616590.75
558,buy,0.3,2765000.0,622841.5
559,buy,0.3,2790000.0,624180.94
560,buy,0.3,2796000.0,627306.3
561,buy,0.3,2809000.0,632217.56
562,buy,0.3,2831000.0,636012.7
563,buy,0.3,2848000.0,629538.7
564,buy,0.3,2820000.0,632664.06
565,buy,0.3,2833000.0,631547.9
566,buy,0.3,2828000.0,635342.94
567,buy,0.3,2845000.0,636682.4
568,buy,0.3,2852000.0,636682.4
569,buy,0.3,2852000.0,635789.44
570,buy,0.3,2848000.0,633780.25
571,buy,0.3,2838000.0,631547.9
572,buy,0.3,2829000.0,616814.0
573,buy,0.3,2763000.0,623734.44
574,buy,0.3,2794000.0,619939.4
575,buy,0.3,2778000.0,620832.3
576,buy,0.3,2781000.0,625520.4
577,buy,0.3,2802000.0,621948.5
578,buy,0.3,2787000.0,625966.9
579,buy,0.3,2801000.0,627083.06
580,buy,0.3,2809000.0,632664.06
581,buy,0.3,2832000.0,629092.2
582,buy,0.3,2817000.0,622618.25
583,buy,0.3,2789000.0,623064.75
584,buy,0.3,2790000.0,620385.8
585,buy,0.3,2779000.0,618823.1
586,buy,0.3,2772000.0,624404.2
587,buy,0.3,2800000.0,631994.4
588,buy,0.3,2830000.0,633780.25
589,buy,0.3,2838000.0,631547.9
590,buy,0.3,2829000.0,665703.7
591,buy,0.3,2980000.0,670615.0
592,buy,0.3,3002000.0,663694.5
593,buy,0.3,2973000.0,672624.1
594,buy,0.27335538268089293,3013000.0,662131.8
595,buy,0.3,2963000.0,659899.44
596,buy,0.3,2954000.0,653648.7
597,buy,0.3,2928000.0,650969.8
598,buy,0.3,2915000.0,651193.06
599,buy,0.3,2917000.0,653202.2
600,buy,0.3,2926000.0,652979.0
601,buy,0.3,2924000.0,650746.56
602,buy,0.3,2915000.0,650076.8
603,buy,0.3,2912000.0,645388.8
604,buy,0.3,2890000.0,651416.3
605,buy,0.16079061627388,2918000.0,649630.4
606,buy,0.3,2910000.0,654318.44
607,buy,0.180084228515625,2932000.0,653648.7
608,buy,0.2738937020301819,2928000.0,655211.4
609,buy,0.2172493815422058,2935000.0,655211.4
610,buy,0.23847888708114623,2933000.0,659006.44
611,buy,0.16921709775924682,2950000.0,654095.2
612,buy,0.3,2930000.0,661685.4
613,buy,0.11406742930412292,2964000.0,662578.3
614,buy,0.23006377816200255,2967000.0,663694.5
615,buy,0.27817962169647215,2974000.0,662801.56
616,buy,0.28894364833831787,2968000.0,659676.2
617,buy,0.3,2955000.0,660792.4
618,buy,0.23432650566101074,2957000.0,663248.06
619,buy,0.1966107666492462,2970000.0,679991.06
620,buy,0.0647161915898323,3045000.0,689590.44
621,buy,0.1353110432624817,3087000.0,688251.0
622,buy,0.3,3082000.0,688027.75
623,buy,0.28965336084365845,3080000.0,684679.1
624,buy,0.3,3064000.0,673963.56
625,buy,0.3,3018000.0,678205.2
626,buy,0.17248867750167846,3036000.0,683339.7
627,buy,0.17280746698379515,3060000.0,681107.3
628,buy,0.3,3051000.0,682000.25
629,buy,0.23224970698356628,3056000.0,679544.6
630,buy,0.2586823761463165,3044000.0,675972.75
631,buy,0.25030236840248105,3026000.0,681777.0
632,buy,0.0897099494934082,3054000.0,681107.3
633,buy,0.10004847049713135,3051000.0,664587.5
634,buy,0.18476103544235228,2978000.0,661015.6
635,buy,0.06458412408828736,2961000.0,663471.3
637,sell,-0.011484138295054435,2998000.0,667943.8
638,buy,0.03980218470096588,2991000.0,664631.94
639,buy,0.05961676239967346,2977000.0,661317.56
640,buy,0.05161073505878448,2959000.0,660654.44
641,buy,0.022972364723682404,2958000.0,660433.25
642,buy,0.017206253483891487,2960000.0,660211.94
643,buy,0.017478566989302634,2955000.0,631017.06
644,buy,0.13547867238521574,2824000.0,632123.9
645,buy,0.058344264328479764,2828000.0,623260.56
646,buy,0.057108660042285916,2790000.0,624147.0
647,buy,0.10921055674552917,2795000.0,631689.9
648,buy,0.14297300577163696,2829000.0,630356.56
649,buy,0.12460142970085143,2822000.0,625022.2
650,buy,0.1263457417488098,2798000.0,613902.44
651,buy,0.12001848220825195,2748000.0,613457.0
652,buy,0.21026299595832823,2747000.0,609447.9
653,buy,0.2153872847557068,2730000.0,609669.94
654,buy,0.260209321975708,2729000.0,612791.44
655,buy,0.29475620985031126,2743000.0,612344.9
656,buy,0.2876215696334839,2741000.0,613014.3
657,buy,0.3,2744000.0,605646.6
658,buy,0.2613111734390259,2712000.0,606316.4
659,buy,0.3,2715000.0,603636.25
660,buy,0.3,2703000.0,598499.1
661,buy,0.3,2678000.0,598052.4
662,buy,0.3,2677000.0,603190.0
663,buy,0.3,2700000.0,613242.3
664,buy,0.3,2743000.0,612572.2
665,buy,0.3,2741000.0,607880.9
666,buy,0.3,2721000.0,609221.3
667,buy,0.3,2729000.0,615029.6
668,buy,0.3,2753000.0,617933.8
669,buy,0.3,2766000.0,634465.5
670,buy,0.3,2840000.0,633571.94
671,buy,0.3,2837000.0,632008.1
672,buy,0.29906290769577026,2829000.0,621284.8
673,buy,0.262879353761673,2780000.0,618603.94
674,buy,0.29617105722427367,2767000.0,617710.3
675,buy,0.29999953508377075,2765000.0,627986.8
676,buy,0.2721698462963104,2811000.0,631337.9
677,buy,0.24636785387992857,2824000.0,596487.0
678,buy,0.29862012863159176,2672000.0,605423.1
679,buy,0.3,2710000.0,602518.9
680,buy,0.3,2697000.0,595146.56
681,buy,0.3,2665000.0,591795.56
682,buy,0.3,2650000.0,592912.56
683,buy,0.3,2653000.0,601625.3
684,buy,0.3,2694000.0,588667.94
685,buy,0.3,2637000.0,597157.2
686,buy,0.3,2674000.0,591125.3
687,buy,0.3,2645000.0,592912.5
688,buy,0.3,2655000.0,596040.2
689,buy,0.3,2670000.0,596487.0
690,buy,0.3,2670000.0,595816.8
691,buy,0.3,2667000.0,597827.44
692,buy,0.3,2675000.0,596263.6
693,buy,0.3,2670000.0,589784.94
694,buy,0.3,2640000.0,588891.3
695,buy,0.3,2636000.0,595370.0
696,buy,0.3,2666000.0,597380.6
697,buy,0.3,2674000.0,594476.4
698,buy,0.3,2659000.0,591795.56
699,buy,0.3,2648000.0,581072.2
700,buy,0.3,2601000.0,544657.44
701,buy,0.3,2436000.0,529019.2
702,buy,0.3,2368000.0,517849.03
703,buy,0.3,2318000.0,491487.44
704,buy,0.3,2200000.0,495955.5
705,buy,0.3,2221000.0,518072.44
706,buy,0.3,2319000.0,514497.97
707,buy,0.3,2303000.0,517178.8
708,buy,0.3,2318000.0,526338.4
709,buy,0.3,2356000.0,523880.94
710,buy,0.3,2345000.0,530136.25
711,buy,0.3,2374000.0,512487.34
712,buy,0.3,2293000.0,491487.44
713,buy,0.3,2200000.0,493721.47
714,buy,0.3,2210000.0,476966.22
715,buy,0.3,2134000.0,498189.53
716,buy,0.3,2231000.0,488806.6
717,buy,0.3,2188000.0,497072.53
718,buy,0.3,2225000.0,539519.2
719,buy,0.3,2416000.0,548231.9
720,buy,0.3,2454000.0,532817.06
721,buy,0.3,2385000.0,527232.0
722,buy,0.3,2362000.0,527678.8
723,buy,0.3,2362000.0,497295.94
724,buy,0.3,2225000.0,502434.2
725,buy,0.3,2249000.0,504221.44
726,buy,0.3,2257000.0,509359.72
727,buy,0.3,2281000.0,511593.75
728,buy,0.3,2289000.0,510923.53
729,buy,0.3,2289000.0,510923.53
730,buy,0.3,2288000.0,507572.47
731,buy,0.3,2272000.0,509806.5
732,buy,0.3,2282000.0,505561.84
733,buy,0.3,2262000.0,512934.16
734,buy,0.3,2296000.0,517178.8
735,buy,0.3,2316000.0,534604.3
736,buy,0.3,2392000.0,530359.6
737,buy,0.3,2374000.0,531923.44
738,buy,0.3,2380000.0,526785.2
739,buy,0.3,2356000.0,523210.72
740,buy,0.3,2342000.0,520753.28
741,buy,0.3,2331000.0,515168.2
742,buy,0.3,2305000.0,517178.8
743,buy,0.3,2316000.0,518295.84
744,buy,0.3,2320000.0,529242.6
745,buy,0.3,2369000.0,530136.25
746,buy,0.3,2373000.0,542200.0
747,buy,0.3,2425000.0,529242.6
748,buy,0.3,2369000.0,529689.44
749,buy,0.3,2369000.0,526338.4
750,buy,0.3,2355000.0,529466.0
751,buy,0.3,2370000.0,531923.44
752,buy,0.3,2381000.0,529466.0
753,buy,0.3,2370000.0,526338.4
754,buy,0.3,2355000.0,524104.3
755,buy,0.3,2346000.0,518742.66
756,buy,0.3,2325000.0,517849.03
757,buy,0.3,2318000.0,509806.5
758,buy,0.3,2283000.0,514051.2
759,buy,0.3,2302000.0,514721.38
760,buy,0.3,2304000.0,514944.78
761,buy,0.3,2305000.0,511146.94
762,buy,0.3,2290000.0,513604.38
763,buy,0.3,2299000.0,517625.62
764,buy,0.3,2317000.0,514274.6
765,buy,0.3,2303000.0,512710.75
766,buy,0.3,2295000.0,512040.53
767,buy,0.3,2292000.0,510923.53
768,buy,0.3,2288000.0,512487.34
769,buy,0.3,2294000.0,512040.53
770,buy,0.3,2292000.0,514944.78
771,buy,0.3,2305000.0,512487.34
772,buy,0.3,2294000.0,514944.78
773,buy,0.3,2306000.0,514051.2
774,buy,0.3,2302000.0,516508.62
775,buy,0.3,2312000.0,516955.4
776,buy,0.3,2314000.0,515391.6
777,buy,0.3,2308000.0,518295.84
778,buy,0.2549125671386719,2320000.0,520083.06
779,buy,0.25875084400177,2328000.0,519859.66
780,buy,0.26432102322578427,2325000.0,519636.25
781,buy,0.26362756490707395,2326000.0,515838.4
782,buy,0.2957910418510437,2309000.0,508466.1
783,buy,0.3,2275000.0,508689.5
784,buy,0.2556726157665253,2276000.0,512040.53
785,buy,0.22840749621391296,2291000.0,511146.94
786,buy,0.24689265489578247,2289000.0,522540.5
787,buy,0.18131815195083617,2340000.0,526338.4
788,buy,0.20104928612709044,2354000.0,521200.1
789,buy,0.2200729250907898,2331000.0,520306.47
790,buy,0.2022218406200409,2327000.0,506008.66
791,buy,0.2582431375980377,2264000.0,508912.9
792,buy,0.19932632446289061,2278000.0,508019.28
793,buy,0.20681027770042418,2273000.0,519636.25
794,buy,0.1786952555179596,2326000.0,524327.75
795,buy,0.18025656938552856,2346000.0,545997.9
796,buy,0.13117430806159971,2444000.0,543987.25
797,buy,0.28521814942359924,2435000.0,561859.5
798,buy,0.05475361794233322,2515000.0,573476.5
799,buy,0.0998086005449295,2566000.0,574146.7
800,buy,0.3,2569000.0,575040.3
801,buy,0.3,2573000.0,573923.3
802,buy,0.3,2569000.0,572582.9
803,buy,0.3,2561000.0,575263.7
804,buy,0.2985893368721008,2576000.0,565210.56
805,buy,0.3,2530000.0,564763.75
806,buy,0.2892183423042297,2528000.0,564763.75
807,buy,0.285586541891098,2528000.0,565880.75
808,buy,0.2526907682418823,2536000.0,566551.0
809,buy,0.2584358990192413,2538000.0,567221.2
810,buy,0.25635323524475095,2539000.0,566551.0
811,buy,0.27789167761802674,2536000.0,571912.6
812,buy,0.12160641252994536,2560000.0,575933.94
813,buy,0.15270028710365294,2578000.0,582859.44
814,buy,0.1063809871673584,2609000.0,579955.2
815,buy,0.3,2596000.0,575710.5
816,buy,0.3,2577000.0,579508.4
817,buy,0.12488761246204376,2593000.0,578391.4
818,buy,0.2367760956287384,2589000.0,575040.3
819,buy,0.2753431499004364,2572000.0,579955.2
820,buy,0.060662265121936794,2595000.0,584423.25
821,buy,0.06830398142337799,2616000.0,586880.7
822,buy,0.11852297186851501,2626000.0,585316.9
823,buy,0.20566409826278687,2616000.0,583529.6
824,buy,0.20723665952682493,2611000.0,583976.44
825,buy,0.17832489609718322,2613000.0,579061.56
826,buy,0.25342426300048826,2590000.0,581072.2
827,buy,0.09323436319828034,2603000.0,576827.5
828,buy,0.19425821900367737,2581000.0,575040.3
829,buy,0.09946451783180237,2572000.0,580848.8
830,sell,-0.05430761128664017,2599000.0,583762.9
831,buy,0.013362447917461395,2614000.0,569808.0
832,buy,0.21824569702148436,2549000.0,578148.1
833,sell,-0.08000221252441406,2590000.0,578942.94
834,buy,0.052331918478012086,2592000.0,580326.4
835,buy,0.039434623718261716,2598000.0,585705.8
836,sell,-0.05862240046262741,2626000.0,587563.25
839,sell,-0.06364253014326095,2622000.0,581227.06
840,sell,-0.07210070192813874,2600000.0,581520.2
841,sell,-0.15611064434051514,2603000.0,579140.44
842,sell,-0.17301236987113952,2586000.0,581719.6
843,sell,-0.19883641004562377,2608000.0,576555.9
844,sell,-0.21202738881111144,2553000.0,578537.06
845,sell,-0.21262968778610228,2579000.0,579048.0
846,sell,-0.24659764766693115,2590000.0,579693.6
847,sell,-0.23708957433700562,2606000.0,579829.8
848,sell,-0.24504858255386353,2612000.0,580970.44
849,sell,-0.24046481251716612,2655000.0,581160.75
850,sell,-0.2256603956222534,2670000.0,580932.94
851,sell,-0.2264399528503418,2655000.0,580879.6
852,sell,-0.24195844531059263,2650000.0,580971.3
853,sell,-0.24730539321899414,2661000.0,580573.0
854,sell,-0.2452005386352539,2602000.0,580621.8
855,sell,-0.28555328249931333,2613000.0,580656.0
856,sell,-0.2933158099651337,2627000.0,580678.25
857,sell,-0.2906844735145569,2630000.0,580677.75
858,sell,-0.2882081508636474,2635000.0,580651.9
859,sell,-0.3,2617000.0,580650.8
860,sell,-0.3,2612000.0,580647.8
861,sell,-0.3,2610000.0,580652.6
862,sell,-0.2838269054889679,2625000.0,580654.8
863,sell,-0.2931720972061157,2632000.0,580653.94
864,sell,-0.3,2630000.0,580653.56
865,sell,-0.3,2627000.0,580654.7
866,sell,-0.2825327038764954,2639000.0,580653.6
867,sell,-0.3,2623000.0,580653.5
868,sell,-0.2970462083816528,2626000.0,580653.44
869,sell,-0.2986944794654846,2624000.0,580652.8
870,sell,-0.3,2602000.0,580652.1
871,sell,-0.3,2566000.0,580652.56
872,sell,-0.21142233610153197,2597000.0,580652.1
873,sell,-0.3,2558000.0,580652.2
874,sell,-0.25379780530929563,2568000.0,580652.3
875,sell,-0.22167953252792358,2587000.0,580652.3
876,sell,-0.2510422468185425,2591000.0,580652.25
877,sell,-0.29626130461692807,2575000.0,580652.25
878,sell,-0.24285115599632262,2581000.0,580652.1
879,sell,-0.3,2524000.0,580652.2
880,sell,-0.2367694079875946,2519000.0,580652.2
881,sell,-0.18882889151573182,2534000.0,580652.2
882,sell,-0.07589199542999267,2582000.0,580652.2
883,sell,-0.19689876437187195,2591000.0,580652.25
884,sell,-0.19804632067680358,2602000.0,580652.2
885,sell,-0.21843557953834533,2604000.0,580652.2
886,sell,-0.26227932572364804,2578000.0,580652.2
887,sell,-0.2711506426334381,2554000.0,580652.2
888,sell,-0.1675585627555847,2573000.0,580652.2
889,buy,0.025941887497901914,2683000.0,580844.7
890,sell,-0.1607792794704437,2719000.0,581029.6
891,sell,-0.18084268569946288,2762000.0,581514.8
892,sell,-0.05602046549320221,2885000.0,581841.56
893,sell,-0.17180383801460267,2978000.0,582205.7
894,sell,-0.17112894058227537,3097000.0,582211.6
895,buy,0.1335763692855835,3099000.0,588314.8
896,sell,-0.11136681139469147,3325000.0,587309.44
897,buy,0.3,3285000.0,582854.9
898,buy,0.3,3224000.0,586684.1
899,buy,0.14601863622665404,3262000.0,587909.5
900,buy,0.3,3274000.0,587289.8
901,buy,0.3,3269000.0,598625.06
902,sell,-0.018706314638257025,3347000.0,595718.0
903,buy,0.3,3326000.0,607171.8
905,buy,0.012639256194233894,3478000.0,634676.9
906,sell,-0.06789999604225158,3577000.0,628405.5
907,buy,0.3,3532000.0,614611.56
908,buy,0.3,3448000.0,628325.94
909,sell,-0.08656767010688782,3533000.0,616045.44
910,buy,0.3,3446000.0,624192.9
911,buy,0.020467932522296905,3499000.0,627027.25
912,buy,0.19693150520324706,3518000.0,628140.3
913,buy,0.24738557338714598,3525000.0,638728.75
914,sell,-0.051497201621532436,3588000.0,634610.94
915,buy,0.3,3562000.0,622654.3
916,buy,0.3,3489000.0,620287.06
917,buy,0.18428964614868162,3474000.0,627418.5
918,sell,-0.08984191417694092,3517000.0,614374.6
919,buy,0.3,3432000.0,622615.56
920,sell,-0.20128029584884644,3483000.0,630229.9
921,sell,-0.2254375398159027,3545000.0,637669.4
922,sell,-0.2725304961204529,3621000.0,648046.9
923,sell,-0.3,3762000.0,647352.5
924,buy,0.060432784259319305,3750000.0,646157.75
925,buy,0.06455781608819962,3730000.0,644814.8
926,buy,0.03180226385593414,3713000.0,642785.1
927,buy,0.02618165910243988,3681000.0,640616.4
929,sell,-0.17213956117630005,3671000.0,642188.6
930,sell,-0.14567539393901824,3673000.0,639400.06
931,sell,-0.060071186721324915,3623000.0,637150.0
932,sell,-0.14015771448612213,3574000.0,638983.5
933,sell,-0.3,3619000.0,639296.7
934,sell,-0.3,3630000.0,638257.75
935,sell,-0.2805918395519256,3582000.0,638350.2
936,sell,-0.3,3588000.0,638856.56
937,sell,-0.3,3637000.0,639041.4
938,sell,-0.3,3663000.0,639146.5
939,sell,-0.3,3690000.0,639040.06
940,sell,-0.3,3659000.0,639029.25
941,sell,-0.3,3658000.0,638915.0
942,sell,-0.3,3595000.0,638849.2
943,sell,-0.3,3540000.0,638842.06
944,sell,-0.3,3533000.0,638834.75
945,sell,-0.3,3521000.0,638831.1
946,sell,-0.3,3516000.0,638829.4
947,sell,-0.3,3509000.0,638831.2
948,sell,-0.3,3521000.0,638831.25
949,sell,-0.3,3523000.0,638834.06
950,sell,-0.3,3553000.0,638833.2
951,sell,-0.3,3542000.0,638838.0
952,sell,-0.3,3644000.0,638830.9
953,sell,-0.3,3434000.0,638833.06
954,sell,-0.3,3529000.0,638830.8
955,sell,-0.3,3392000.0,638831.1
956,sell,-0.3,3419000.0,638831.2
957,sell,-0.3,3433000.0,638831.5
958,sell,-0.29828903675079343,3491000.0,638831.75
959,sell,-0.2781455397605896,3554000.0,638831.75
960,sell,-0.3,3558000.0,638831.9
961,sell,-0.3,3594000.0,638831.9
962,sell,-0.3,3576000.0,638831.8
963,sell,-0.3,3559000.0,638831.8
964,sell,-0.3,3516000.0,638831.75
965,sell,-0.29598850607872007,3526000.0,638831.75
966,sell,-0.28326451778411865,3558000.0,638831.8
967,sell,-0.28827751278877256,3570000.0,638831.8
968,sell,-0.28035632371902464,3595000.0,638831.75
969,sell,-0.29007883071899415,3558000.0,638831.8
970,sell,-0.2762129187583923,3571000.0,638831.8
971,sell,-0.2772126317024231,3507000.0,638831.8
972,sell,-0.24248270988464354,3550000.0,638831.8
973,sell,-0.16387495994567872,3651000.0,638831.8
974,sell,-0.25488329529762266,3657000.0,638831.75
975,sell,-0.25553008317947384,3682000.0,638831.8
976,sell,-0.2647533416748047,3698000.0,638831.8
977,sell,-0.24994958639144896,3664000.0,638831.8
978,sell,-0.2662425935268402,3695000.0,638831.75
979,sell,-0.25320305228233336,3756000.0,638831.75
980,sell,-0.23271238803863525,3682000.0,638831.75
981,sell,-0.21711552143096924,3574000.0,638831.75
982,sell,-0.2574960350990295,3570000.0,638831.75
983,sell,-0.24722331762313843,3563000.0,638831.8
984,sell,-0.23218715786933897,3536000.0,638831.8
985,sell,-0.22929959893226623,3560000.0,638831.8
986,sell,-0.22022459506988526,3555000.0,638831.8
987,sell,-0.21316575407981872,3574000.0,638831.8
988,sell,-0.20335360765457153,3561000.0,638831.8
989,sell,-0.19970866441726684,3566000.0,638831.8
990,sell,-0.1885118007659912,3540000.0,638831.8
991,sell,-0.17849632501602172,3514000.0,638831.8
992,sell,-0.1738753616809845,3494000.0,638831.8
993,sell,-0.16315884590148924,3498000.0,638831.8
994,sell,-0.15359278321266173,3523000.0,638831.8
995,sell,-0.14657343327999114,3533000.0,638831.8
996,sell,-0.14739302694797515,3558000.0,638831.8
997,sell,-0.14447903037071227,3552000.0,638831.8
998,sell,-0.13141257762908934,3578000.0,638831.8
999,sell,-0.14446367025375365,3562000.0,638831.8
1000,sell,-0.1494162619113922,3560000.0,638831.8
1001,sell,-0.16616522669792175,3534000.0,638831.8
1002,sell,-0.14237274527549743,3563000.0,638831.8
1003,sell,-0.1638779640197754,3539000.0,638831.8
1004,sell,-0.07388124614953995,3613000.0,638831.8
1005,sell,-0.09608550667762757,3674000.0,638831.8
1006,sell,-0.12480801343917847,3695000.0,638831.8
1007,sell,-0.12617094218730926,3719000.0,638831.8
1008,sell,-0.13837344646453856,3694000.0,638831.8
1009,sell,-0.14906112849712372,3674000.0,638831.8
1010,sell,-0.16713915467262266,3663000.0,638831.8
1011,sell,-0.1553112745285034,3689000.0,638831.8
1012,sell,-0.15017194747924803,3668000.0,638831.8
1013,sell,-0.14659161865711212,3661000.0,638831.8
1014,sell,-0.11337357759475708,3741000.0,638831.8
1015,sell,-0.1042469322681427,3847000.0,638831.8
1016,sell,-0.11019315719604492,3799000.0,638831.8
1017,sell,-0.1596748352050781,3773000.0,638831.8
1018,sell,-0.13087064623832703,3683000.0,638831.8
1019,sell,-0.20846954584121705,3701000.0,638831.8
1020,sell,-0.1935517430305481,3673000.0,638831.8
1021,sell,-0.22628626227378845,3687000.0,638831.8
1022,sell,-0.19761453866958617,3670000.0,638831.8
1023,sell,-0.17931368350982665,3670000.0,638831.8
1024,sell,-0.17363269329071043,3642000.0,638831.8
1025,sell,-0.17546592950820922,3624000.0,638831.8
1026,sell,-0.16632640957832337,3583000.0,638831.8
1027,sell,-0.17721308469772337,3558000.0,638831.8
1028,sell,-0.17399352192878723,3563000.0,638831.8
1029,sell,-0.16544712781906126,3571000.0,638831.8
1030,sell,-0.13783308863639832,3602000.0,638831.8
1031,sell,-0.14755777716636656,3593000.0,638831.8
1032,sell,-0.1384638011455536,3577000.0,638831.8
1033,sell,-0.13147129118442535,3561000.0,638831.8
1034,sell,-0.12361739873886107,3546000.0,638831.8
1035,sell,-0.11687613129615783,3536000.0,638831.8
1036,sell,-0.08567881286144256,3567000.0,638831.8
1037,sell,-0.09988907575607299,3570000.0,638831.8
1038,sell,-0.09692924916744232,3582000.0,638831.8
1039,sell,-0.10441098511219024,3513000.0,638831.8
1040,sell,-0.10227455198764801,3509000.0,638831.8
1041,sell,-0.09667384922504425,3492000.0,638831.8
1042,buy,0.03148867338895798,3578000.0,638710.56
1043,sell,-0.07334867566823959,3562000.0,639162.75
1044,buy,0.04236770421266556,3647000.0,639074.44
1045,sell,-0.063188137114048,3641000.0,639187.06
1046,sell,-0.07797391712665558,3652000.0,639055.2
1047,sell,-0.10078147351741791,3639000.0,639252.5
1048,sell,-0.09850763976573944,3660000.0,639222.0
1049,sell,-0.11850786209106445,3657000.0,638956.94
1050,sell,-0.1107057809829712,3621000.0,639203.25
1051,sell,-0.09432296454906464,3660000.0,639138.56
1052,sell,-0.10607175529003143,3651000.0,639136.2
1053,sell,-0.12019012570381164,3652000.0,639376.9
1054,sell,-0.07796700596809387,3703000.0,639148.2
1055,sell,-0.08735435307025909,3649000.0,639032.1
1056,sell,-0.13726569414138792,3621000.0,639036.6
1057,sell,-0.18754270076751708,3624000.0,638968.4
1058,sell,-0.17429187297821044,3601000.0,638959.5
1059,sell,-0.1764068841934204,3598000.0,638940.56
1060,sell,-0.15324695706367492,3586000.0,638831.5
1061,sell,-0.13075442612171173,3524000.0,638614.6
1062,sell,-0.070656917989254,3372000.0,638676.6
1063,sell,-0.08386069536209106,3420000.0,638677.5
1064,sell,-0.10510254800319671,3423000.0,638706.75
1065,sell,-0.07577954828739165,3450000.0,638736.9
1066,sell,-0.058085457980632776,3480000.0,638714.94
1067,sell,-0.06628637462854385,3456000.0,638705.06
1068,sell,-0.05703649073839187,3444000.0,638719.1
1069,sell,-0.038923184573650356,3461000.0,638714.1
1070,sell,-0.04175622314214706,3455000.0,638717.9
1071,sell,-0.03677304536104202,3461000.0,638740.8
1072,sell,-0.02224857732653618,3491000.0,638738.56
1073,sell,-0.0414152517914772,3488000.0,638749.56
1074,sell,-0.03306041210889816,3503000.0,638731.4
1075,sell,-0.04179970622062683,3477000.0,638729.3
1076,sell,-0.039779859781265255,3474000.0,638729.9
1077,sell,-0.03730912953615188,3478000.0,638728.7
1078,sell,-0.04918708652257919,3473000.0,638739.9
1079,sell,-0.04144680798053741,3493000.0,638723.0
1080,sell,-0.054149012267589565,3462000.0,638713.1
1081,sell,-0.049442289769649504,3442000.0,638705.2
1082,sell,-0.04745727628469467,3428000.0,638737.2
1083,buy,0.061534287035465235,3496000.0,638569.7
1084,sell,-0.0549864336848259,3485000.0,639096.7
1086,buy,0.11452921628952026,3655000.0,640969.44
1087,sell,-0.043854367733001706,3675000.0,641021.6
1088,sell,-0.06074690669775009,3677000.0,644308.44
1089,buy,0.07693896889686584,3800000.0,642417.1
1090,buy,0.02502223402261734,3751000.0,644499.94
1091,sell,-0.03880717903375625,3801000.0,646308.9
1092,sell,-0.012260574102401733,3847000.0,645487.4
1093,buy,0.07283152788877487,3827000.0,646081.0
1094,buy,0.015313177183270453,3839000.0,645070.3
1095,buy,0.09014248251914977,3820000.0,651856.3
1096,sell,-0.07262912839651108,3931000.0,648669.0
1097,buy,0.2440825045108795,3874000.0,643938.75
1098,buy,0.2229823350906372,3819000.0,641425.2
1099,buy,0.10754759609699249,3797000.0,639198.06
1100,buy,0.08568306863307952,3775000.0,635626.56
1101,buy,0.08941953778266906,3745000.0,635967.2
1102,sell,-0.016934000328183173,3749000.0,631844.4
1103,buy,0.09810928702354431,3713000.0,623107.56
1104,buy,0.20930396318435668,3642000.0,605131.25
1105,buy,0.18384699225425719,3509000.0,607614.2
1106,sell,-0.0727680042386055,3525000.0,609527.7
1107,sell,-0.07301770895719528,3539000.0,609966.5
1108,sell,-0.07251564860343933,3541000.0,606668.94
1109,sell,-0.043050254881381984,3517000.0,614039.75
1111,sell,-0.026093767583370207,3545000.0,607256.1
1112,sell,-0.03681113719940186,3519000.0,607138.5
1113,sell,-0.036556631326675415,3519000.0,605386.06
1114,sell,-0.03135107159614563,3501000.0,604439.4
1115,sell,-0.02208554595708847,3491000.0,606629.2
1119,buy,0.010985185950994491,3491000.0,607109.75
1120,buy,0.04107724875211716,3520000.0,606619.56
1121,buy,0.025506336987018586,3517000.0,607097.1
1122,buy,0.037637431919574735,3522000.0,609493.4
1123,buy,0.05700572580099106,3544000.0,617425.56
1124,buy,0.1261683762073517,3620000.0,615476.5
1125,buy,0.04458257406949997,3603000.0,616275.44
1126,buy,0.04878154546022415,3610000.0,620519.25
1127,buy,0.05684692114591598,3645000.0,602224.0
1128,buy,0.1436017245054245,3496000.0,612724.0
1129,buy,0.10934214591979981,3577000.0,609112.7
1130,buy,0.060897521674633026,3551000.0,605173.44
1131,buy,0.051597265899181365,3521000.0,597338.0
1132,buy,0.07978270053863525,3464000.0,604195.4
1133,buy,0.09433479309082031,3513000.0,600892.5
1134,buy,0.06717885732650757,3490000.0,603062.1
1135,buy,0.07732763886451721,3504000.0,603792.75
1136,buy,0.07406585365533828,3509000.0,600360.8
1137,buy,0.08307213485240936,3487000.0,599901.3
1138,buy,0.08502455949783325,3484000.0,596840.2
1139,buy,0.08946055769920348,3464000.0,602086.75
1140,buy,0.11553591191768646,3497000.0,603333.94
1141,buy,0.09272487759590149,3507000.0,601431.8
1142,buy,0.08647631406784058,3494000.0,604452.1
1143,buy,0.09824055433273315,3512000.0,596907.6
1144,buy,0.10389438271522522,3466000.0,598520.1
1145,buy,0.09766991436481476,3476000.0,601119.8
1146,buy,0.09561738073825836,3493000.0,598661.7
1147,buy,0.0770784705877304,3477000.0,605722.7
1148,buy,0.09266795217990875,3519000.0,605225.94
1149,buy,0.069830422103405,3517000.0,596784.7
1150,buy,0.09166467189788818,3465000.0,580505.75
1151,buy,0.138001549243927,3367000.0,578834.06
1152,buy,0.10690326690673828,3357000.0,582351.0
1153,buy,0.13555737733840942,3379000.0,581339.7
1154,buy,0.1264711081981659,3373000.0,584880.94
1155,buy,0.150714772939682,3394000.0,581663.1
1156,buy,0.13824021220207214,3375000.0,575383.44
1157,buy,0.14918632507324217,3339000.0,553950.94
1158,buy,0.2057951509952545,3213000.0,545590.7
1159,buy,0.2335909903049469,3163000.0,546444.4
1160,buy,0.3,3169000.0,546785.5
1161,buy,0.3,3170000.0,523080.4
1162,buy,0.28785418868064877,3034000.0,524455.2
1163,buy,0.3,3040000.0,536504.8
1164,buy,0.3,3110000.0,538571.56
1165,buy,0.3,3122000.0,544430.5
1166,buy,0.3,3155000.0,542878.94
1167,buy,0.3,3148000.0,542016.7
1168,buy,0.3,3143000.0,553398.06
1169,buy,0.3,3208000.0,577370.44
1170,buy,0.3,3348000.0,572713.6
1171,buy,0.3,3321000.0,569953.8
1172,buy,0.3,3304000.0,572713.6
1173,buy,0.3,3318000.0,578923.44
1174,buy,0.3,3356000.0,577543.4
1175,buy,0.3,3346000.0,579958.4
1176,buy,0.3,3362000.0,579958.4
1177,buy,0.3,3363000.0,579613.4
1178,buy,0.29347933530807496,3359000.0,576680.9
1179,buy,0.28562575578689575,3343000.0,570643.25
1180,buy,0.29033049345016476,3308000.0,576335.9
1181,buy,0.24912999272346495,3340000.0,572885.8
1182,buy,0.2653874158859253,3322000.0,587721.06
1183,buy,0.2378557741641998,3407000.0,588238.6
1184,buy,0.22423303127288818,3408000.0,580820.94
1185,buy,0.28066216707229613,3366000.0,577025.8
1186,buy,0.25365654230117796,3344000.0,577198.44
1187,buy,0.21172574758529664,3345000.0,572885.8
1188,buy,0.2502411961555481,3320000.0,578578.44
1189,buy,0.18426842093467713,3354000.0,577370.94
1190,buy,0.21306391954421997,3348000.0,579613.44
1191,buy,0.1868283748626709,3362000.0,577888.4
1192,buy,0.21258772015571595,3352000.0,572540.75
1193,buy,0.2534418225288391,3319000.0,573575.75
1194,buy,0.1813415229320526,3327000.0,573748.3
1195,buy,0.18217095136642455,3327000.0,575473.3
1196,buy,0.16707674860954283,3336000.0,574438.3
1197,buy,0.1861148715019226,3330000.0,576163.4
1198,buy,0.1585020124912262,3339000.0,575645.9
1199,buy,0.17890037298202513,3337000.0,576163.3
1200,buy,0.16972378492355347,3340000.0,574438.3
1201,buy,0.19955222010612486,3331000.0,576508.4
1202,buy,0.15050945878028868,3343000.0,581855.94
1203,buy,0.12085384726524352,3373000.0,576680.9
1204,buy,0.3,3343000.0,576508.4
1205,buy,0.2264543831348419,3342000.0,588411.1
1206,buy,0.12831913232803344,3411000.0,587893.6
1207,buy,0.21126510500907897,3407000.0,584098.5
1208,buy,0.23003640174865722,3385000.0,579613.44
1209,buy,0.22738024592399597,3358000.0,582201.0
1210,buy,0.11875034272670745,3374000.0,582201.0
1211,buy,0.11411569118499755,3376000.0,582546.0
1212,buy,0.04866124838590622,3377000.0,583236.0
1213,buy,0.0507414847612381,3381000.0,579958.44
1214,buy,0.08557502031326293,3361000.0,577198.4
1215,buy,0.05930327028036117,3347000.0,573748.25
1216,buy,0.04949799478054046,3325000.0,570298.2
1217,buy,0.045218069851398465,3306000.0,569780.7
1218,buy,0.027137455344200135,3304000.0,574783.3
1219,buy,0.019453328847885133,3332000.0,577198.4
1220,buy,0.022777774930000303,3347000.0,576163.3
1221,buy,0.03632369488477707,3340000.0,587031.06
1222,buy,0.03189905136823654,3402000.0,608766.56
1223,buy,0.10057071447372436,3528000.0,599796.4
1224,buy,0.17975646257400513,3477000.0,599968.9
1225,buy,0.010695292800664901,3478000.0,607731.56
1226,sell,-0.028194884955883025,3522000.0,607709.6
1227,buy,0.04593227058649063,3522000.0,603512.44
1228,buy,0.11377907395362853,3498000.0,607552.06
1230,buy,0.08545770049095154,3518000.0,605358.5
1231,buy,0.05528089553117752,3509000.0,595727.44
1232,buy,0.14211334884166718,3452000.0,599792.94
1233,sell,-0.0451751634478569,3476000.0,591190.25
1234,buy,0.08642180263996124,3422000.0,587770.2
1236,sell,-0.059597423672676085,3433000.0,595078.0
1237,sell,-0.05293741822242737,3448000.0,594615.25
1238,sell,-0.03841428905725479,3446000.0,594601.6
1239,sell,-0.0436752587556839,3445000.0,593114.4
1240,sell,-0.04366790056228637,3432000.0,593082.75
1241,sell,-0.061126090586185455,3434000.0,594372.5
1242,sell,-0.06995403617620467,3445000.0,593787.1
1243,sell,-0.05733642429113388,3440000.0,594184.9
1244,sell,-0.07172925621271133,3444000.0,593184.94
1245,sell,-0.08499247133731842,3433000.0,597337.06
1246,sell,-0.06001579463481903,3481000.0,595810.5
1247,sell,-0.03771083056926727,3463000.0,598862.94
1248,sell,-0.09267212748527527,3500000.0,599195.0
1249,sell,-0.08410707414150238,3506000.0,599508.44
1250,sell,-0.06765161901712417,3511000.0,598493.2
1251,sell,-0.03311208486557007,3494000.0,596007.75
1252,sell,-0.0607620432972908,3456000.0,597250.4
1253,sell,-0.09881044328212737,3476000.0,597486.44
1254,sell,-0.09059817194938659,3481000.0,596958.94
1255,sell,-0.09274052381515503,3471000.0,597707.44
1256,sell,-0.08405678272247315,3490000.0,598629.3
1257,sell,-0.05908738821744919,3512000.0,598257.8
1258,sell,-0.02202712297439575,3502000.0,599961.25
1259,sell,-0.020877040922641754,3547000.0,600200.06
1260,buy,0.02252144068479538,3557000.0,599546.44
1261,buy,0.013668743893504143,3538000.0,601247.1
1262,sell,-0.0407216414809227,3582000.0,601049.75
1263,buy,0.02532973140478134,3578000.0,602689.6
1264,sell,-0.05849835723638534,3616000.0,607535.56
1265,sell,-0.05229052752256393,3739000.0,607814.6
1266,buy,0.08317233324050903,3751000.0,608673.25
1267,buy,0.06862212717533112,3770000.0,610020.56
1268,buy,0.036074857413768764,3795000.0,609240.6
1269,buy,0.14366455078124998,3780000.0,608184.7
1270,buy,0.14906952381134034,3769000.0,612540.9
1271,sell,-0.06363223046064377,3819000.0,625824.44
1272,sell,-0.10978943109512329,3982000.0,629535.44
1273,buy,0.10924580097198486,4034000.0,627880.4
1274,buy,0.3,4013000.0,631574.06
1275,buy,0.21912825107574463,4051000.0,622768.6
1276,buy,0.3,3977000.0,630481.7
1277,buy,0.09277524054050446,4035000.0,623306.8
1278,buy,0.3,3981000.0,626177.2
1279,buy,0.18479107618331908,4002000.0,626588.4
1280,buy,0.2560482323169708,4005000.0,627154.56
1281,buy,0.2320510983467102,4009000.0,621522.8
1282,buy,0.3,3971000.0,624823.7
1283,buy,0.08675962686538696,3993000.0,626029.8
1284,buy,0.12610843777656555,4001000.0,628757.8
1285,buy,0.07192295640707015,4020000.0,628756.1
1286,buy,0.12388443946838379,4019000.0,628906.56
1287,buy,0.10642667412757874,4020000.0,634413.0
1288,sell,-0.06129501610994339,4055000.0,632067.6
1289,buy,0.12816251814365387,4038000.0,631483.25
1290,buy,0.03938533365726471,4038000.0,645031.3
1291,sell,-0.2525288701057434,4129000.0,645206.1
1292,buy,0.05533833503723144,4133000.0,645638.8
1293,buy,0.0549595758318901,4135000.0,642326.0
1294,buy,0.14786805510520934,4106000.0,640863.6
1295,buy,0.049992813169956206,4096000.0,644271.8
1296,sell,-0.08914875984191895,4123000.0,632776.5
1297,buy,0.1407626688480377,4021000.0,638627.3
1298,sell,-0.2394264042377472,4069000.0,638932.0
1299,sell,-0.12744251489639283,4074000.0,646136.6
1300,sell,-0.27646835446357726,4170000.0,646202.75
1301,sell,-0.08428637981414795,4169000.0,652335.1
1302,sell,-0.27948845028877256,4289000.0,651825.75
1303,buy,0.015306659415364264,4276000.0,653732.9
1304,sell,-0.1553089141845703,4325000.0,653107.06
1305,buy,0.021668963134288788,4307000.0,657754.9
1306,sell,-0.29649438858032223,4438000.0,661723.6
1307,sell,-0.3,4600000.0,661356.44
1308,buy,0.10756968855857849,4580000.0,660747.1
1309,buy,0.08414253294467926,4562000.0,666939.75
1310,sell,-0.3,4715000.0,665815.9
1311,buy,0.18411333560943602,4678000.0,664602.1
1312,buy,0.1275518149137497,4655000.0,663577.5
1313,buy,0.061215940117835994,4640000.0,669390.06
1314,sell,-0.3,4728000.0,677141.06
1315,sell,-0.3,4896000.0,671859.9
1316,buy,0.3,4731000.0,683721.6
1317,sell,-0.3,4919000.0,681770.56
1318,buy,0.11024264395236968,4875000.0,680394.9
1320,sell,-0.050024275481700894,4846000.0,683717.9
1321,sell,-0.298422646522522,4917000.0,682497.0
1322,sell,-0.02545635849237442,4885000.0,681873.1
1323,sell,-0.10823980271816254,4870000.0,681926.75
1324,sell,-0.17149595618247984,4871000.0,682551.06
1325,sell,-0.2611706256866455,4896000.0,682988.0
1326,sell,-0.27512433528900143,4918000.0,684278.1
1327,sell,-0.3,5008000.0,684347.25
1328,sell,-0.23798913359642027,5017000.0,685257.7
1329,sell,-0.3,5137000.0,685321.2
1330,sell,-0.2438636004924774,5151000.0,685082.5
1331,sell,-0.1079120099544525,5092000.0,685188.3
1332,sell,-0.3,5127000.0,685180.94
1333,sell,-0.2942354679107666,5122000.0,685218.3
1334,sell,-0.3,5145000.0,685251.94
1335,sell,-0.3,5172000.0,685248.4
1336,sell,-0.3,5174000.0,685201.75
1337,sell,-0.23862512111663817,5099000.0,685215.56
1338,sell,-0.3,5130000.0,685201.4
1339,sell,-0.3,5089000.0,685184.1
1340,sell,-0.3,5016000.0,685188.1
1341,sell,-0.3,5044000.0,685188.75
1342,sell,-0.3,5055000.0,685184.56
1343,sell,-0.3,4991000.0,685188.75
1344,sell,-0.3,5078000.0,685188.25
1345,sell,-0.3,5070000.0,685186.7
1346,sell,-0.3,5010000.0,685186.25
1347,sell,-0.3,4989000.0,685185.9
1348,sell,-0.3,4964000.0,685185.2
1349,sell,-0.3,4893000.0,685185.56
1350,sell,-0.3,4952000.0,685185.6
1351,sell,-0.3,4969000.0,685185.3
1352,sell,-0.3,4875000.0,685185.56
1353,sell,-0.3,4973000.0,685185.7
1354,sell,-0.3,5068000.0,685185.6
1355,sell,-0.3,5063000.0,685185.7
1356,sell,-0.3,5036000.0,685185.56
1357,sell,-0.3,4925000.0,685185.6
1358,sell,-0.3,4985000.0,685185.6
1359,sell,-0.3,5083000.0,685185.6
1360,sell,-0.3,4995000.0,685185.6
1361,sell,-0.3,4989000.0,685185.6
1362,sell,-0.3,5078000.0,685185.6
1363,sell,-0.3,5109000.0,685185.6
1364,sell,-0.3,5104000.0,685185.6
1365,sell,-0.3,5098000.0,685185.6
1366,sell,-0.3,5093000.0,685185.6
1367,sell,-0.3,5114000.0,685185.6
1368,sell,-0.3,5107000.0,685185.6
1369,sell,-0.3,5152000.0,685185.6
1370,sell,-0.3,5146000.0,685185.6
1371,sell,-0.3,5211000.0,685185.6
1372,sell,-0.3,5218000.0,685185.6
1373,sell,-0.3,5216000.0,685185.6
1374,sell,-0.3,5279000.0,685185.6
1375,sell,-0.3,5285000.0,685185.6
1376,sell,-0.3,5310000.0,685185.6
1377,sell,-0.3,5301000.0,685185.6
1378,sell,-0.3,5221000.0,685185.6
1379,sell,-0.3,5218000.0,685185.6
1380,sell,-0.3,5224000.0,685185.6
1381,sell,-0.3,5225000.0,685185.6
1382,sell,-0.3,5325000.0,685185.6
1383,sell,-0.3,5271000.0,685185.6
1384,sell,-0.3,5201000.0,685185.6
1385,sell,-0.3,5205000.0,685185.6
1386,sell,-0.3,5252000.0,685185.6
1387,sell,-0.3,5255000.0,685185.6
1388,sell,-0.3,5256000.0,685185.6
1389,sell,-0.3,5205000.0,685185.6
1390,sell,-0.3,5244000.0,685185.6
1391,sell,-0.3,5227000.0,685185.6
1392,sell,-0.3,5269000.0,685185.6
1393,sell,-0.3,5327000.0,685185.6
1394,sell,-0.3,5320000.0,685185.6
1395,sell,-0.3,5297000.0,685185.6
1396,sell,-0.3,5255000.0,685185.6
1397,sell,-0.3,5215000.0,685185.6
1398,sell,-0.3,5153000.0,685185.6
1399,sell,-0.3,5159000.0,685185.6
1400,sell,-0.3,5089000.0,685185.6
1401,sell,-0.3,5066000.0,685185.6
1402,sell,-0.3,5018000.0,685185.6
1403,sell,-0.27332135438919064,4917000.0,685185.6
1404,sell,-0.2722710192203522,4861000.0,685185.6
1405,sell,-0.22140015363693236,4928000.0,685185.6
1406,sell,-0.21968750953674315,4909000.0,685185.6
1407,sell,-0.19868107438087462,4902000.0,685185.6
1408,sell,-0.16887865662574766,4850000.0,685185.6
1409,sell,-0.13830873370170593,4756000.0,685185.6
1410,sell,-0.11481774151325225,4748000.0,685185.6
1411,sell,-0.04507554173469543,4832000.0,685185.6
1412,sell,-0.06372833400964736,4837000.0,685185.6
1413,sell,-0.04407312422990799,4885000.0,685185.6
1414,sell,-0.0517345055937767,4867000.0,685185.6
1415,sell,-0.03519563376903534,4885000.0,685185.6
1416,sell,-0.03775046914815903,4910000.0,685185.6
1417,sell,-0.016515296325087546,4979000.0,685185.6
1418,sell,-0.047659197449684144,4966000.0,685185.6
1419,sell,-0.050415077805519105,4963000.0,685185.6
1420,buy,0.04137298017740249,5099000.0,685268.4
1421,sell,-0.05153210610151291,5116000.0,685571.6
1422,sell,-0.04436383545398712,5178000.0,685127.6
1423,sell,-0.03645949065685272,5089000.0,684942.4
1424,sell,-0.09020735621452332,5050000.0,685208.94
1425,sell,-0.08688386678695678,5112000.0,684779.8
1426,sell,-0.03644868582487106,5006000.0,684814.0
1427,sell,-0.09819342792034148,5014000.0,684972.75
1428,sell,-0.09783804416656494,5065000.0,684824.0
1429,sell,-0.07822991609573364,5014000.0,685041.1
1430,sell,-0.07791049182415008,5090000.0,684965.0
1431,sell,-0.07492758929729461,5057000.0,685070.0
1432,sell,-0.09066682755947113,5107000.0,685112.44
1433,sell,-0.09386459290981293,5123000.0,685105.2
1434,sell,-0.10444689989089966,5120000.0,685069.25
1435,sell,-0.11424743235111236,5101000.0,685138.0
1436,sell,-0.11652722954750061,5145000.0,685349.5
1437,sell,-0.04507685154676437,5292000.0,685368.3
1438,sell,-0.07959564328193665,5305000.0,685401.7
1439,sell,-0.07711217701435089,5331000.0,685457.94
1440,sell,-0.07335996329784393,5383000.0,685499.7
1441,sell,-0.08284162580966949,5421000.0,685469.5
1442,sell,-0.04475710093975067,5391000.0,685472.06
1443,sell,-0.0688468113541603,5394000.0,685522.75
1444,sell,-0.07496540397405624,5453000.0,685617.6
1445,sell,-0.04236875027418136,5569000.0,685557.44
1446,buy,0.0922429472208023,5492000.0,686642.4
1447,sell,-0.07200064659118652,5585000.0,688313.7
1448,sell,-0.06344548612833023,5732000.0,688361.1
1449,buy,0.06391582041978836,5739000.0,689060.0
1450,buy,0.052171160280704496,5781000.0,690425.6
1451,buy,0.09116872251033782,5842000.0,690974.7
1452,buy,0.16080029010772703,5861000.0,688894.25
1453,buy,0.22923653125762938,5817000.0,683638.5
1454,buy,0.2365227162837982,5734000.0,683409.9
1455,buy,0.018834789097309113,5732000.0,687381.0
1456,sell,-0.06522799283266068,5784000.0,690711.25
1457,sell,-0.05610444992780685,5832000.0,691703.75
1459,sell,-0.08187458217144013,5893000.0,691125.6
1460,buy,0.0949711114168167,5831000.0,685586.1
1461,buy,0.056768810749053954,5750000.0,699059.75
1462,sell,-0.28180999159812925,5942000.0,695491.6
1464,sell,-0.12413570880889892,5844000.0,696365.6
1465,sell,-0.19630156159400938,5902000.0,697503.75
1466,sell,-0.15376963019371032,5933000.0,696780.1
1467,sell,-0.11435438990592955,5908000.0,703061.06
1468,sell,-0.25472452640533444,6146000.0,703647.4
1469,sell,-0.06988154500722885,6179000.0,705539.25
1470,sell,-0.15218254923820496,6281000.0,706989.2
1471,sell,-0.09783498644828796,6376000.0,706541.94
1472,buy,0.08021832704544067,6345000.0,707565.9
1473,sell,-0.054716183245182036,6393000.0,707163.56
1474,buy,0.050243572890758516,6371000.0,708995.2
1475,sell,-0.12799035608768464,6445000.0,709646.94
1476,sell,-0.051064078509807584,6480000.0,709995.8
1477,sell,-0.026298831403255462,6499000.0,710258.25
1478,sell,-0.03767416477203369,6509000.0,709940.2
1479,sell,-0.04902559071779251,6492000.0,708165.1
1480,buy,0.034989559650421144,6398000.0,706332.8
1481,sell,-0.08339108526706696,6312000.0,706716.0
1482,sell,-0.2831805288791656,6337000.0,708398.06
1483,sell,-0.3,6453000.0,708135.1
1484,sell,-0.24375008940696716,6431000.0,708066.25
1485,sell,-0.2932159960269928,6422000.0,706716.75
1486,sell,-0.129401358962059,6176000.0,706511.56
1487,sell,-0.3,6133000.0,706771.1
1488,sell,-0.3,6215000.0,706643.7
1489,sell,-0.3,6162000.0,706666.7
1490,sell,-0.3,6179000.0,706552.7
1491,sell,-0.3,6080000.0,706565.56
1492,sell,-0.3,6098000.0,706580.4
1493,sell,-0.3,6126000.0,706585.44
1494,sell,-0.3,6146000.0,706594.94
1495,sell,-0.3,6184000.0,706595.75
1496,sell,-0.3,6192000.0,706610.4
1497,sell,-0.3,6305000.0,706609.94
1498,sell,-0.3,6301000.0,706602.7
1499,sell,-0.3,6193000.0,706603.8
1500,sell,-0.3,6219000.0,706597.3
1501,sell,-0.3,6019000.0,706595.56
1502,sell,-0.3,5939000.0,706595.75
1503,sell,-0.3,5954000.0,706596.7
1504,sell,-0.3,6046000.0,706596.75
1505,sell,-0.3,6052000.0,706596.44
1506,sell,-0.2962066769599914,6000000.0,706595.94
1507,sell,-0.24637191295623778,5874000.0,706596.0
1508,sell,-0.2673566222190857,5893000.0,706596.2
1509,sell,-0.21611852645874022,5987000.0,706596.0
1510,sell,-0.1968986749649048,5853000.0,706595.9
1511,sell,-0.19941317439079284,5796000.0,706595.75
1512,sell,-0.15639753341674803,5683000.0,706595.9
1513,sell,-0.1254525303840637,5806000.0,706595.94
1514,sell,-0.1344481587409973,5853000.0,706595.94
1515,sell,-0.12613463401794434,5870000.0,706595.94
1516,sell,-0.09418362379074097,5934000.0,706596.0
1517,sell,-0.0820707768201828,6035000.0,706596.0
1518,sell,-0.10759364068508148,6042000.0,706596.0
1519,sell,-0.09204758405685425,5985000.0,706596.0
1520,sell,-0.10884915590286255,6007000.0,706595.94
1521,sell,-0.09721482396125793,5971000.0,706596.0
1522,sell,-0.11291272938251495,5943000.0,706596.0
1523,sell,-0.1106346309185028,5931000.0,706596.0
1524,sell,-0.1166939377784729,5930000.0,706596.0
1525,sell,-0.12719469666481018,5987000.0,706596.0
1526,sell,-0.12091454565525055,6048000.0,706596.0
1527,sell,-0.09386014938354492,5979000.0,706596.06
1528,buy,0.1923306941986084,6399000.0,712188.75
1529,buy,0.024814049899578094,6669000.0,712057.94
1530,sell,-0.09031887352466583,6664000.0,708116.4
1531,sell,-0.02684435695409775,6480000.0,708567.75
1532,sell,-0.12770018577575684,6501000.0,708730.75
1533,sell,-0.12264825403690338,6509000.0,709818.8
1534,sell,-0.14589892029762266,6581000.0,709830.6
1535,sell,-0.13809099197387695,6583000.0,710179.2
1536,sell,-0.15551943182945252,6617000.0,710398.7
1537,sell,-0.16510582566261292,6639000.0,710103.94
1538,sell,-0.15405653715133666,6602000.0,710026.2
1539,sell,-0.2047257900238037,6592000.0,710441.94
1540,sell,-0.2357938528060913,6668000.0,710533.2
1541,sell,-0.18893258571624755,6693000.0,710325.94
1542,sell,-0.1613523244857788,6634000.0,710112.8
1543,sell,-0.141109961271286,6563000.0,709733.8
1544,sell,-0.09977019131183625,6409000.0,709825.7
1545,sell,-0.21639082431793213,6450000.0,709827.8
1546,sell,-0.21530240178108215,6453000.0,709551.1
1547,sell,-0.11040549874305725,6253000.0,709483.56
1548,sell,-0.1936311364173889,6197000.0,709505.6
1549,sell,-0.1808295428752899,6221000.0,709527.0
1550,sell,-0.16818176507949828,6247000.0,709529.8
1551,sell,-0.16385702490806578,6257000.0,709589.6
1552,sell,-0.13577136397361755,6361000.0,709615.0
1553,sell,-0.1103326141834259,6419000.0,709626.3
1554,sell,-0.078960120677948,6443000.0,709621.75
1555,sell,-0.08873530626296997,6433000.0,709614.3
1556,sell,-0.09317883253097534,6416000.0,709625.3
1557,sell,-0.10422317683696747,6447000.0,709638.56
1558,sell,-0.12454589009284972,6494000.0,709609.7
1559,sell,-0.10919471383094788,6381000.0,709592.8
1560,sell,-0.1193875640630722,6309000.0,709599.94
1561,sell,-0.12137817442417144,6340000.0,709609.44
1562,sell,-0.11401433050632476,6398000.0,709607.8
1563,sell,-0.09075838029384613,6389000.0,709593.56
1564,sell,-0.06224632412195205,6293000.0,709582.56
1565,sell,-0.058782014250755306,6204000.0,709592.25
1566,sell,-0.07019117921590805,6286000.0,709588.5
1567,sell,-0.050014150142669675,6256000.0,709573.06
1570,sell,-0.0710833266377449,6039000.0,709568.94
1571,sell,-0.11603098511695861,6082000.0,709572.5
1572,sell,-0.0946295589208603,6122000.0,709569.0
1573,sell,-0.04481172412633896,6079000.0,709573.9
1574,sell,-0.043553119897842406,6141000.0,709573.2
1575,sell,-0.028819061815738678,6130000.0,709570.8
1576,sell,-0.019140690565109253,6097000.0,709568.9
1579,buy,0.030271120369434357,6244000.0,709384.4
1580,buy,0.03970643430948257,6195000.0,709574.1
1581,buy,0.021099476516246794,6222000.0,709580.5
1582,buy,0.01166580431163311,6225000.0,709185.6
1584,buy,0.022940102219581603,6114000.0,708459.1
1586,buy,0.027094531059265136,6213000.0,707939.4
1587,buy,0.07166757434606552,6110000.0,707275.5
1588,buy,0.04434801489114761,6084000.0,707384.9
1589,buy,0.05244724005460739,6085000.0,705333.6
1590,buy,0.09356308579444884,6026000.0,707129.56
1591,buy,0.07051424235105515,6071000.0,707416.4
1592,buy,0.08097146451473236,6078000.0,705584.5
1593,buy,0.09968839287757873,6043000.0,702478.5
1594,buy,0.09287540316581726,5988000.0,701252.4
1595,buy,0.09163084030151367,5970000.0,705054.0
1596,buy,0.09880143105983734,6030000.0,705449.4
1597,buy,0.11241257786750793,6034000.0,703697.8
1598,buy,0.12123784124851227,6010000.0,709054.25
1599,buy,0.12388415336608886,6076000.0,720160.9
1600,buy,0.14036527276039124,6202000.0,719506.3
1601,buy,0.13367613852024077,6200000.0,716360.5
1602,buy,0.123975670337677,6164000.0,713139.56
1603,buy,0.11500980556011199,6131000.0,710643.3
1604,buy,0.10628946125507355,6106000.0,714980.4
1605,buy,0.10307367146015167,6149000.0,703265.2
1606,buy,0.1414000689983368,6036000.0,700740.1
1607,buy,0.1290312945842743,6011000.0,703703.8
1608,buy,0.12215868830680847,6040000.0,705521.3
1609,buy,0.12713710069656373,6056000.0,716699.1
1610,buy,0.13699269890785218,6159000.0,717021.56
1611,buy,0.13600876629352568,6165000.0,699543.94
1612,buy,0.17083919048309326,6004000.0,705451.6
1613,buy,0.13088521957397461,6057000.0,702417.75
1614,buy,0.1337469309568405,6029000.0,703430.0
1615,buy,0.11748644113540649,6039000.0,703200.94
1616,buy,0.10735809803009033,6038000.0,701267.75
1617,buy,0.1106743186712265,6020000.0,698874.06
1618,buy,0.11265774965286254,5996000.0,696475.25
1619,buy,0.12244006991386414,5980000.0,697846.6
1620,buy,0.11889498531818389,5990000.0,700139.44
1621,buy,0.09287899732589722,6010000.0,700023.56
1622,buy,0.09513232111930847,6010000.0,701057.75
1623,buy,0.08804932236671448,6018000.0,699099.25
1624,buy,0.08575566709041595,6000000.0,699675.06
1625,buy,0.08836843371391297,6006000.0,700597.5
1626,buy,0.0893918216228485,6015000.0,700481.3
1627,buy,0.08146263957023621,6013000.0,698285.06
1628,buy,0.05311962068080902,5994000.0,699787.8
1629,buy,0.05173804610967636,6008000.0,706611.4
1630,buy,0.05444655418395996,6063000.0,697123.5
1631,buy,0.0678879752755165,5985000.0,698975.2
1632,buy,0.04525089561939239,6000000.0,698280.25
1633,buy,0.02895977050065994,5993000.0,704649.8
1634,buy,0.027910275757312773,6048000.0,702448.94
1635,buy,0.03019312173128128,6030000.0,697119.6
1636,buy,0.03184186220169067,5983000.0,698394.2
1637,buy,0.019425813853740693,5995000.0,699205.25
1641,sell,-0.023738761246204377,6025000.0,712149.1
1642,sell,-0.05288415402173996,6116000.0,702790.44
1643,sell,-0.03141850233078003,6029000.0,705572.3
1644,sell,-0.052114547789096834,6056000.0,712524.2
1645,sell,-0.04946849942207336,6127000.0,716982.75
1646,sell,-0.05169394165277481,6175000.0,716420.9
1647,sell,-0.06382938176393509,6169000.0,714559.6
1648,sell,-0.05126045644283295,6146000.0,715316.8
1649,sell,-0.06479508429765701,6155000.0,718147.75
1650,sell,-0.08764970004558563,6196000.0,722811.75
1651,sell,-0.09660718739032745,6265000.0,724343.0
1652,sell,-0.12577359080314635,6292000.0,724507.25
1653,sell,-0.13457552790641783,6296000.0,725932.0
1654,sell,-0.12264622449874878,6328000.0,731296.2
1655,sell,-0.12184252738952636,6462000.0,733989.3
1656,sell,-0.10509556531906128,6538000.0,735956.3
1657,sell,-0.09763385653495789,6602000.0,733992.75
1658,sell,-0.07984321117401123,6534000.0,733820.06
1659,sell,-0.11556217074394226,6529000.0,731663.7
1660,sell,-0.09408311247825622,6436000.0,731481.1
1661,sell,-0.14367497563362122,6428000.0,732237.4
1662,sell,-0.16196476221084594,6472000.0,732191.1
1663,sell,-0.15001455545425416,6469000.0,731893.75
1664,sell,-0.15184571743011474,6446000.0,731759.3
1665,sell,-0.16661991477012633,6436000.0,731111.8
1666,sell,-0.15170955061912536,6367000.0,731420.3
1667,sell,-0.19432593584060667,6407000.0,731385.94
1668,sell,-0.1826359748840332,6403000.0,731566.4
1669,sell,-0.189132821559906,6440000.0,731379.2
1670,sell,-0.1628110706806183,6395000.0,731098.7
1671,sell,-0.16595390439033508,6317000.0,730980.7
1672,sell,-0.20857842564582824,6276000.0,730963.3
1673,sell,-0.19875563979148864,6270000.0,731022.4
1674,sell,-0.202390855550766,6304000.0,731008.5
1675,sell,-0.18566463589668272,6298000.0,730980.06
1676,sell,-0.20203070640563964,6273000.0,730972.0
1677,sell,-0.19752219915390015,6270000.0,730942.75
1678,sell,-0.1757927656173706,6227000.0,730951.8
1679,sell,-0.18105393648147583,6244000.0,730959.75
1680,sell,-0.1721552789211273,6261000.0,730956.25
1681,sell,-0.16247177124023438,6255000.0,730980.0
1682,sell,-0.15627828240394592,6323000.0,730961.5
1683,sell,-0.13156491816043853,6261000.0,730960.94
1684,sell,-0.17798234224319456,6260000.0,730966.7
1685,sell,-0.14167113304138182,6288000.0,730979.3
1686,sell,-0.1296424001455307,6358000.0,730985.7
1687,sell,-0.13469181060791016,6400000.0,730978.7
1688,sell,-0.13832749128341673,6348000.0,730979.0
1689,sell,-0.14963185787200928,6352000.0,730981.5
1690,sell,-0.15084518194198607,6379000.0,730980.44
1691,sell,-0.14552492201328276,6367000.0,730980.2
1692,sell,-0.1633538782596588,6365000.0,730978.5
1693,sell,-0.19022762775421143,6339000.0,730977.6
1694,sell,-0.205917888879776,6325000.0,730976.5
1695,sell,-0.20652447938919066,6296000.0,730975.44
1696,sell,-0.21378175020217896,6264000.0,730974.56
1697,sell,-0.2664658784866333,6231000.0,730975.3
1698,sell,-0.3,6272000.0,730975.2
1699,sell,-0.3,6269000.0,730975.3
1700,sell,-0.3,6278000.0,730975.2
1701,sell,-0.2989365398883819,6271000.0,730975.25
1702,sell,-0.2766085982322693,6287000.0,730975.2
1703,sell,-0.26862348318099977,6272000.0,730975.25
1704,sell,-0.2869170427322388,6286000.0,730975.2
1705,sell,-0.28255079984664916,6268000.0,730975.2
1706,sell,-0.27988936901092526,6261000.0,730975.2
1707,sell,-0.27489945888519285,6255000.0,730975.2
1708,sell,-0.25595460534095765,6267000.0,730975.2
1709,sell,-0.2654717624187469,6293000.0,730975.1
1710,sell,-0.25088982582092284,6231000.0,730975.1
1711,sell,-0.2020794689655304,6051000.0,730975.1
1712,sell,-0.21227799654006957,5933000.0,730975.1
1713,sell,-0.20937772393226622,5928000.0,730975.1
1714,sell,-0.17058906555175782,5934000.0,730975.1
1715,sell,-0.13726201057434081,5902000.0,730975.1
1716,sell,-0.09003988802433013,5994000.0,730975.1
1717,sell,-0.06357097774744033,5957000.0,730975.06
1718,sell,-0.041199468076229095,5979000.0,730975.1
1719,sell,-0.01892670840024948,5970000.0,730975.1
1722,buy,0.018208831921219824,5933000.0,730917.0
1723,buy,0.03529822379350662,5912000.0,730980.75
1724,buy,0.029353460669517516,5926000.0,731099.75
1725,buy,0.04949373006820679,5937000.0,730539.2
1726,buy,0.058584071695804596,5905000.0,730151.9
1727,buy,0.04802329391241073,5887000.0,730132.8
1728,buy,0.022787337005138398,5890000.0,727247.7
1729,buy,0.028143762052059172,5790000.0,725520.0
1730,buy,0.05309304445981979,5736000.0,725270.75
1731,buy,0.08515457510948181,5729000.0,725678.3
1732,buy,0.1071499764919281,5740000.0,721215.75
1733,buy,0.13352125883102417,5654000.0,718792.44
1734,buy,0.175339275598526,5619000.0,728926.5
1735,buy,0.2898551344871521,5756000.0,723197.6
1736,buy,0.24279372096061705,5693000.0,720975.75
1737,buy,0.2740949749946594,5671000.0,727637.56
1738,buy,0.3,5734000.0,734131.75
1739,buy,0.3,5792000.0,737027.6
1740,buy,0.3,5817000.0,732578.44
1741,buy,0.3,5781000.0,730005.06
1742,buy,0.3,5759000.0,729380.0
1743,buy,0.3,5754000.0,732483.06
1744,buy,0.3,5780000.0,730101.8
1745,buy,0.3,5761000.0,732735.56
1746,buy,0.3,5782000.0,731473.9
1747,buy,0.3,5771000.0,733238.94
1748,buy,0.3,5785000.0,729952.8
1749,buy,0.3,5759000.0,733113.9
1750,buy,0.3,5784000.0,735138.25
1751,buy,0.3,5799000.0,751723.94
1752,buy,0.3,5931000.0,746531.06
1753,buy,0.2899818956851959,5890000.0,742983.94
1754,buy,0.2797335684299469,5862000.0,745391.0
1755,buy,0.26436638832092285,5881000.0,753247.0
1756,buy,0.254977548122406,5943000.0,757428.6
1757,buy,0.24584725499153137,5976000.0,761610.56
1758,buy,0.21187341213226318,6009000.0,760216.5
1759,buy,0.19244463443756102,5996000.0,755273.9
1760,buy,0.1809261918067932,5959000.0,755400.6
1761,buy,0.15306648015975952,5960000.0,749697.4
1762,buy,0.16430386304855346,5915000.0,754133.25
1763,buy,0.13547723293304442,5945000.0,750077.7
1764,buy,0.14850125312805176,5919000.0,748937.0
1765,buy,0.13452773988246916,5909000.0,751725.3
1766,buy,0.11061937808990478,5931000.0,772891.0
1767,buy,0.11154021620750428,6097000.0,778721.1
1768,buy,0.10320288240909577,6144000.0,778847.9
1769,buy,0.09907413125038146,6145000.0,782776.9
1770,buy,0.07229786664247513,6173000.0,788733.75
1771,buy,0.05719663202762604,6223000.0,786832.56
1772,buy,0.07067994028329849,6208000.0,787973.3
1773,buy,0.03402212709188461,6216000.0,797985.94
1776,buy,0.01803515888750553,6349000.0,807998.7
1777,sell,-0.03884566873311996,6376000.0,801272.1
1778,buy,0.02119241952896118,6319000.0,805660.8
1779,sell,-0.05394047051668167,6355000.0,812879.4
1780,sell,-0.08330419063568115,6418000.0,810270.4
1781,sell,-0.045981010794639586,6398000.0,810354.7
1782,sell,-0.08027568161487579,6396000.0,809004.0
1783,sell,-0.05844207555055618,6382000.0,809842.94
1784,sell,-0.06881526410579682,6390000.0,810931.4
1785,sell,-0.0730410799384117,6407000.0,808260.1
1786,sell,-0.06192086488008499,6371000.0,809715.75
1787,sell,-0.09214144349098205,6391000.0,810887.75
1788,sell,-0.09421262741088866,6411000.0,813641.0
1789,sell,-0.08976849317550659,6459000.0,817948.75
1790,sell,-0.0915328860282898,6542000.0,815516.94
1792,sell,-0.06651301681995392,6467000.0,812680.6
1793,sell,-0.08115538358688354,6430000.0,814431.1
1794,sell,-0.1659098446369171,6471000.0,815302.3
1795,sell,-0.12916077375411986,6499000.0,815059.1
1796,sell,-0.09519684612751007,6493000.0,815935.44
1797,sell,-0.12092025876045226,6526000.0,818535.94
1798,sell,-0.15212225317955017,6636000.0,819684.0
1799,sell,-0.12891692519187928,6694000.0,819279.25
1800,sell,-0.10861031413078308,6672000.0,819501.94
1801,sell,-0.13092041015625,6686000.0,819390.7
1802,sell,-0.09907781481742858,6680000.0,819983.7
1803,sell,-0.12466125190258026,6729000.0,817499.75
1804,buy,0.016584861651062963,6500000.0,817320.9
1805,sell,-0.19509127736091614,6488000.0,816759.5
1806,sell,-0.18026509881019592,6433000.0,817075.25
1807,sell,-0.21016343235969542,6472000.0,817131.6
1808,sell,-0.19776518940925597,6482000.0,817304.44
1809,sell,-0.25151919722557065,6515000.0,817077.94
1810,sell,-0.2497948408126831,6460000.0,817202.3
1811,sell,-0.26731125712394715,6508000.0,817256.9
1812,sell,-0.2662961483001709,6525000.0,817138.4
1813,sell,-0.2704578280448913,6461000.0,817120.9
1814,sell,-0.2886238396167755,6449000.0,817059.6
1815,sell,-0.27575123906135557,6375000.0,817030.0
1816,sell,-0.3,6327000.0,817043.8
1817,sell,-0.3,6369000.0,817046.9
1818,sell,-0.3,6376000.0,817038.6
1819,sell,-0.3,6336000.0,817035.06
1820,sell,-0.2885852873325348,6316000.0,817035.56
1821,sell,-0.29774612188339233,6322000.0,817018.25
1822,sell,-0.1891867160797119,6087000.0,817010.25
1823,sell,-0.2079206585884094,5952000.0,817007.9
1824,sell,-0.16678773164749144,5900000.0,817005.75
1825,sell,-0.08657317757606506,5846000.0,817002.2
1827,buy,0.04175925850868225,5853000.0,816860.6
1828,buy,0.0661339446902275,5834000.0,816234.8
1829,buy,0.11413355469703673,5798000.0,815584.6
1830,buy,0.15977332592010499,5777000.0,816514.94
1831,buy,0.20306196212768554,5800000.0,820610.4
1832,buy,0.2392379879951477,5863000.0,819251.44
1833,buy,0.24925986528396604,5849000.0,848181.1
1834,buy,0.3,6143000.0,857355.25
1835,buy,0.3,6228000.0,862746.6
1836,buy,0.2919760823249817,6275000.0,859616.4
1837,buy,0.2845993638038635,6250000.0,864444.7
1838,buy,0.2783390164375305,6288000.0,845516.8
1839,buy,0.3,6143000.0,855977.56
1840,buy,0.27902086973190304,6222000.0,870036.1
1841,buy,0.2722600936889648,6330000.0,868273.0
1842,buy,0.2640148043632507,6315000.0,854842.06
1843,buy,0.28998865485191344,6215000.0,831688.9
1844,buy,0.3,6048000.0,830592.3
1845,buy,0.3,6037000.0,850029.3
1846,buy,0.29646466970443724,6182000.0,852495.06
1847,buy,0.3,6197000.0,852494.1
1848,buy,0.3,6199000.0,847961.3
1849,buy,0.3,6165000.0,851395.94
1850,buy,0.2872876167297363,6188000.0,850708.44
1851,buy,0.2961454510688782,6183000.0,834210.2
1852,buy,0.3,6061000.0,835585.1
1853,buy,0.3,6079000.0,833797.2
1854,buy,0.3,6066000.0,840398.8
1855,buy,0.3,6109000.0,836685.0
1856,buy,0.3,6082000.0,845075.75
1857,buy,0.3,6144000.0,823891.8
1858,buy,0.3,5987000.0,816601.06
1859,buy,0.3,5938000.0,819214.75
1860,buy,0.3,5957000.0,824029.56
1861,buy,0.3,5991000.0,789500.6
1862,buy,0.3,5738000.0,799267.9
1863,buy,0.3,5810000.0,801881.56
1864,buy,0.3,5829000.0,808072.1
1865,buy,0.3,5874000.0,810135.56
1866,buy,0.3,5891000.0,816326.1
1867,buy,0.3,5936000.0,818252.06
1868,buy,0.3,5947000.0,816188.56
1869,buy,0.3,5933000.0,815500.7
1870,buy,0.3,5928000.0,816738.8
1871,buy,0.3,5936000.0,816738.8
1872,buy,0.3,5939000.0,817564.25
1873,buy,0.3,5944000.0,813712.3
1874,buy,0.3,5915000.0,819765.3
1875,buy,0.3,5956000.0,829670.2
1876,buy,0.3,6031000.0,830220.44
1877,buy,0.3,6035000.0,830908.3
1878,buy,0.3,6040000.0,836411.06
1879,buy,0.3,6077000.0,836273.44
1880,buy,0.3,6078000.0,831733.7
1881,buy,0.3,6046000.0,826093.4
1882,buy,0.2797911286354065,6004000.0,819902.9
1883,buy,0.25829824805259705,5958000.0,821691.25
1884,buy,0.24877402782440183,5974000.0,811923.94
1885,buy,0.2650624215602875,5902000.0,808622.3
1886,buy,0.2587457299232483,5878000.0,807384.2
1887,buy,0.2511455655097961,5870000.0,834760.2
1888,buy,0.24161514043807983,6068000.0,816876.4
1889,buy,0.27163124084472656,5936000.0,802982.06
1890,buy,0.2704062402248382,5838000.0,801056.1
1891,buy,0.25922681093215943,5825000.0,803119.6
1892,buy,0.26018868684768676,5838000.0,796791.5
1893,buy,0.26841720342636105,5792000.0,797204.2
1894,buy,0.27454192042350767,5795000.0,792389.4
1895,buy,0.28495314717292786,5766000.0,793489.9
1896,buy,0.2939803183078766,5768000.0,795553.4
1897,buy,0.2930740714073181,5785000.0,803394.75
1898,buy,0.3,5841000.0,798442.3
1899,buy,0.28975578546524045,5804000.0,800230.7
1900,buy,0.2874233901500702,5823000.0,798167.2
1901,buy,0.29349206686019896,5797000.0,798442.3
1902,buy,0.29082353711128234,5806000.0,804082.56
1903,buy,0.2899359941482544,5845000.0,813712.3
1904,buy,0.29281264543533325,5915000.0,812199.06
1905,buy,0.26987721920013424,5904000.0,803257.2
1906,buy,0.2752161741256714,5838000.0,806971.5
1907,buy,0.2512497246265411,5864000.0,807384.2
1908,buy,0.23723015785217283,5869000.0,806971.5
1909,buy,0.22212479710578917,5866000.0,806833.94
1910,buy,0.20815173983573912,5867000.0,808759.9
1911,buy,0.2000279903411865,5880000.0,806833.94
1912,buy,0.20116111636161804,5865000.0,807796.94
1913,buy,0.18711858987808228,5872000.0,810410.7
1914,buy,0.17836371660232545,5891000.0,807659.4
1915,buy,0.18069713115692138,5872000.0,809447.75
1916,buy,0.16701541543006895,5885000.0,826231.0
1917,buy,0.14624984264373778,6005000.0,831458.56
1918,buy,0.1176141858100891,6043000.0,829119.9
1919,buy,0.11098209321498871,6026000.0,845903.1
1920,buy,0.08124778568744659,6150000.0,854019.6
1921,buy,0.050628979504108426,6208000.0,853056.6
1922,buy,0.04495663046836853,6200000.0,846040.7
1923,buy,0.047445411980152126,6149000.0,848104.25
1926,buy,0.04100269228219986,6097000.0,835448.0
1928,sell,-0.02204911708831787,6086000.0,837487.06
1929,sell,-0.023906627297401426,6088000.0,833790.5
1930,sell,-0.057398177683353424,6062000.0,826333.0
1931,sell,-0.04011052250862122,5997000.0,819159.44
1932,sell,-0.030930067598819732,5940000.0,822016.1
1933,sell,-0.060401661694049834,5965000.0,822407.4
1934,sell,-0.05250831395387649,5969000.0,819605.9
1935,sell,-0.03130910843610763,5942000.0,813728.25
1936,sell,-0.025069333612918854,5881000.0,809642.75
1937,sell,-0.010674790665507316,5844000.0,809448.3
1938,sell,-0.012563611194491385,5839000.0,811994.7
1941,buy,0.030757753551006316,5816000.0,796802.0
1942,buy,0.04881127327680588,5707000.0,787474.2
1943,buy,0.06097884178161621,5613000.0,803256.56
1944,buy,0.09355542361736298,5770000.0,802502.5
1945,buy,0.09752072095870971,5763000.0,800541.7
1946,buy,0.0927498310804367,5744000.0,806165.0
1947,buy,0.10657726228237152,5794000.0,803423.25
1948,buy,0.11144942343235016,5771000.0,807949.5
1949,buy,0.11514931619167328,5810000.0,802933.25
1950,buy,0.12886890470981596,5768000.0,801823.3
1951,buy,0.12884915471076966,5759000.0,802305.94
1952,buy,0.13234588801860808,5765000.0,803801.7
1953,buy,0.13414918184280394,5776000.0,806727.2
1954,buy,0.1417450189590454,5799000.0,803870.75
1955,buy,0.14979205727577208,5776000.0,803077.44
1956,buy,0.1480735659599304,5771000.0,803069.0
1957,buy,0.1487091064453125,5770000.0,806789.94
1958,buy,0.15018575191497802,5799000.0,804639.56
1959,buy,0.127725550532341,5781000.0,798576.3
1960,buy,0.12138606905937194,5741000.0,800058.3
1961,buy,0.12531040906906127,5745000.0,806842.8
1962,buy,0.0986321210861206,5792000.0,778271.0
1963,buy,0.16042231321334838,5590000.0,773077.3
1964,buy,0.12936844825744628,5550000.0,772801.56
1965,buy,0.15283103585243224,5548000.0,750696.5
1966,buy,0.209480220079422,5387000.0,758131.0
1967,buy,0.23906309008598325,5440000.0,747357.0
1968,buy,0.2577802240848541,5368000.0,759812.1
1969,buy,0.3,5457000.0,720973.7
1970,buy,0.3,5173000.0,732223.6
1971,buy,0.3,5254000.0,726661.3
1972,buy,0.3,5215000.0,673092.5
1973,buy,0.3,4829000.0,690493.7
1974,buy,0.3,4954000.0,692025.3
1975,buy,0.3,4966000.0,692443.0
1976,buy,0.3,4967000.0,688541.9
1977,buy,0.3,4939000.0,708746.1
1978,buy,0.3,5084000.0,719894.25
1979,buy,0.3,5164000.0,715713.4
1980,buy,0.3,5136000.0,713762.25
1981,buy,0.3,5121000.0,704842.56
1982,buy,0.3,5057000.0,708605.6
1983,buy,0.3,5082000.0,688535.6
1984,buy,0.3,4940000.0,693413.75
1985,buy,0.3,4975000.0,690904.94
1986,buy,0.3,4957000.0,697037.6
1987,buy,0.3,5002000.0,699685.75
1988,buy,0.3,5020000.0,681984.6
1989,buy,0.3,4893000.0,689371.7
1990,buy,0.3,4946000.0,715296.3
1991,buy,0.3,5132000.0,712508.7
1992,buy,0.3,5111000.0,717665.75
1993,buy,0.3,5149000.0,715575.06
1994,buy,0.3,5134000.0,709999.9
1995,buy,0.3,5093000.0,702334.0
1996,buy,0.3,5039000.0,705261.0
1997,buy,0.3,5060000.0,706654.8
1998,buy,0.3,5070000.0,700800.9
1999,buy,0.3,5028000.0,709860.5
2000,buy,0.3,5093000.0,710975.5
2001,buy,0.3,5101000.0,728816.2
2002,buy,0.3,5229000.0,739687.75
2003,buy,0.3,5305000.0,741499.7
2004,buy,0.3,5320000.0,750559.3
2005,buy,0.3,5384000.0,745262.94
2006,buy,0.3,5347000.0,744984.1
2007,buy,0.3,5345000.0,727840.44
2008,buy,0.3,5222000.0,733276.25
2009,buy,0.3,5261000.0,736342.6
2010,buy,0.3,5284000.0,746517.3
2011,buy,0.3,5356000.0,734809.44
2012,buy,0.3,5272000.0,742057.2
2013,buy,0.3,5325000.0,723380.3
2014,buy,0.3,5190000.0,719756.44
2015,buy,0.3,5161000.0,713623.75
2016,buy,0.3,5120000.0,717665.75
2017,buy,0.3,5149000.0,716550.7
2018,buy,0.3,5141000.0,739269.56
2019,buy,0.3,5304000.0,716271.94
2020,buy,0.3,5139000.0,716411.3
2021,buy,0.3,5140000.0,717526.4
2022,buy,0.3,5148000.0,722265.25
2023,buy,0.3,5183000.0,735924.5
2024,buy,0.3,5280000.0,728398.0
2025,buy,0.3,5228000.0,707212.25
2026,buy,0.3,5078000.0,677803.2
2027,buy,0.3,4865000.0,683935.9
2028,buy,0.3,4907000.0,679336.3
2029,buy,0.3,4875000.0,679196.94
2030,buy,0.3,4873000.0,663447.06
2031,buy,0.3,4760000.0,675294.3
2032,buy,0.3,4840000.0,676827.5
2033,buy,0.3,4856000.0,658986.94
2034,buy,0.3,4728000.0,670137.3
2035,buy,0.3,4808000.0,668464.75
2036,buy,0.3,4797000.0,662750.2
2037,buy,0.3,4755000.0,669579.75
2038,buy,0.3,4807000.0,672228.0
2039,buy,0.3,4823000.0,667070.94
2040,buy,0.3,4786000.0,670834.2
2041,buy,0.3,4813000.0,673621.75
2042,buy,0.3,4833000.0,663725.8
2043,buy,0.3,4761000.0,652993.56
2044,buy,0.3,4690000.0,646303.4
2045,buy,0.3,4636000.0,642958.25
2046,buy,0.3,4613000.0,659962.56
2047,buy,0.3,4732000.0,663447.06
2048,buy,0.3,4760000.0,665398.4
2049,buy,0.3,4774000.0,648672.8
2050,buy,0.3,4654000.0,625396.44
2051,buy,0.3,4487000.0,631111.0
2052,buy,0.3,4528000.0,624420.75
2053,buy,0.3,4481000.0,623723.9
2054,buy,0.3,4475000.0,630553.5
2055,buy,0.3,4519000.0,641146.3
2056,buy,0.3,4601000.0,649787.9
2057,buy,0.3,4661000.0,644909.56
2058,buy,0.3,4629000.0,636407.44
2059,buy,0.3,4566000.0,639473.75
2060,buy,0.3,4588000.0,639613.1
2061,buy,0.3,4589000.0,618845.56
2062,buy,0.3,4440000.0,599889.94
2063,buy,0.3,4305000.0,628602.1
2064,buy,0.3,4510000.0,631389.75
2065,buy,0.3,4532000.0,630414.06
2066,buy,0.3,4524000.0,626929.6
2067,buy,0.3,4499000.0,614524.8
2068,buy,0.3,4410000.0,598774.94
2069,buy,0.3,4298000.0,591387.8
2070,buy,0.3,4247000.0,583303.75
2071,buy,0.3,4184000.0,569783.94
2072,buy,0.3,4088000.0,562675.56
2073,buy,0.3,4037000.0,567135.75
2074,buy,0.3,4069000.0,577031.7
2075,buy,0.3,4140000.0,580237.44
2076,buy,0.3,4162000.0,576892.3
2077,buy,0.3,4139000.0,577171.06
2078,buy,0.3,4141000.0,572292.8
2079,buy,0.3,4105000.0,574104.7
2080,buy,0.3,4119000.0,575498.5
2081,buy,0.3,4129000.0,580655.56
2082,buy,0.3,4165000.0,593617.9
2083,buy,0.3,4259000.0,587067.0
2084,buy,0.3,4212000.0,592363.44
2085,buy,0.3,4250000.0,597659.9
2086,buy,0.3,4289000.0,595011.7
2087,buy,0.3,4269000.0,594036.0
2088,buy,0.3,4259000.0,602259.4
2089,buy,0.3,4321000.0,597102.4
2090,buy,0.3,4283000.0,590690.9
2091,buy,0.3,4238000.0,598496.1
2092,buy,0.3,4296000.0,617451.8
2093,buy,0.3,4429000.0,617591.2
2094,buy,0.3,4431000.0,610064.7
2095,buy,0.3,4377000.0,607277.06
2096,buy,0.3,4357000.0,603513.8
2097,buy,0.3,4331000.0,605604.5
2098,buy,0.3,4345000.0,611040.3
2099,buy,0.3,4384000.0,617312.4
2100,buy,0.3,4429000.0,610204.06
2101,buy,0.3,4378000.0,614246.06
2102,buy,0.3,4407000.0,609089.0
2103,buy,0.3,4370000.0,610900.94
2104,buy,0.3,4380000.0,628602.1
2105,buy,0.3,4510000.0,630135.3
2106,buy,0.3,4520000.0,633062.3
2107,buy,0.3,4540000.0,630971.6
2108,buy,0.3,4527000.0,632226.0
2109,buy,0.3,4536000.0,628741.56
2110,buy,0.3,4510000.0,631529.1
2111,buy,0.3,4531000.0,628741.56
2112,buy,0.3,4511000.0,625814.56
2113,buy,0.3,4489000.0,626790.25
2114,buy,0.3,4495000.0,633201.7
2115,buy,0.3,4543000.0,641843.25
2116,buy,0.3,4605000.0,637243.7
2117,buy,0.3,4575000.0,632922.94
2118,buy,0.3,4539000.0,631807.9
2119,buy,0.3,4534000.0,627905.25
2120,buy,0.3,4503000.0,626650.8
2121,buy,0.28324878215789795,4494000.0,627626.5
2122,buy,0.24140750169754027,4502000.0,624142.0
2123,buy,0.2810703098773956,4477000.0,624142.0
2124,buy,0.21189372539520263,4479000.0,626372.06
2125,buy,0.1554790735244751,4494000.0,627208.4
2126,buy,0.166007924079895,4500000.0,627626.5
2127,buy,0.15065041780471802,4503000.0,631250.4
2128,buy,0.11768680214881896,4529000.0,633062.3
2129,buy,0.12253997325897216,4542000.0,625257.06
2130,buy,0.20743346214294434,4487000.0,590690.9
2131,buy,0.3,4240000.0,594732.9
2132,buy,0.10109623074531555,4264000.0,591666.56
2133,buy,0.13720031082630157,4245000.0,573965.3
2134,buy,0.25940254926681516,4118000.0,572014.0
2135,buy,0.15196729302406312,4107000.0,584418.8
2136,buy,0.1887323498725891,4192000.0,584140.06
2137,buy,0.19662669897079468,4190000.0,584558.2
2138,buy,0.20773422718048096,4195000.0,589436.5
2139,buy,0.2205827236175537,4229000.0,624420.75
2140,buy,0.3,4480000.0,625257.06
2141,buy,0.20301811695098876,4486000.0,620518.1
2142,buy,0.19559678435325623,4453000.0,629995.94
2143,buy,0.18191022276878357,4521000.0,634316.75
2144,buy,0.15587047934532164,4550000.0,637104.3
2145,buy,0.14153028130531312,4571000.0,639473.75
2146,buy,0.1322307765483856,4587000.0,647139.6
2147,buy,0.09287125468254089,4643000.0,660241.3
2148,buy,0.08557579815387725,4736000.0,665816.5
2149,buy,0.051875831186771394,4777000.0,662192.6
2150,buy,0.10482380390167235,4750000.0,661217.0
2151,buy,0.061839111149311066,4744000.0,665537.75
2152,buy,0.01712735407054424,4775000.0,649369.75
2153,buy,0.284404456615448,4663000.0,651739.2
2154,buy,0.019334399700164793,4672000.0,658290.0
2156,buy,0.03166462630033493,4726000.0,650902.9
2157,buy,0.11636784374713897,4672000.0,648115.3
2158,buy,0.02662008851766586,4650000.0,634177.3
2159,buy,0.17321643233299255,4550000.0,630692.9
2160,buy,0.03293991833925247,4528000.0,635153.0
2161,sell,-0.02058187276124954,4558000.0,631183.94
2162,buy,0.028893913328647613,4527000.0,634188.75
2163,sell,-0.012556185945868492,4550000.0,634046.06
